student_id,course_code,grade
S1000,CSC101,D
S1000,BUS201,C
S1000,ENG150,B
S1000,BIO110,B
S1000,MTH220,D
S1001,CSC101,D
S1001,BUS201,D
S1001,ENG150,B
S1001,BIO110,C
S1001,MTH220,C
S1002,CSC101,F
S1002,BUS201,C
S1002,ENG150,C
S1002,BIO110,C
S1002,MTH220,A
S1003,CSC101,B
S1003,BUS201,B
S1003,ENG150,A
S1003,BIO110,A
S1003,MTH220,B
S1004,CSC101,A
S1004,BUS201,A
S1004,ENG150,D
S1004,BIO110,F
S1004,MTH220,D
S1005,CSC101,C
S1005,BUS201,C
S1005,ENG150,B
S1005,BIO110,A
S1005,MTH220,B
S1006,CSC101,C
S1006,BUS201,C
S1006,ENG150,F
S1006,BIO110,C
S1006,MTH220,F
S1007,CSC101,F
S1007,BUS201,A
S1007,ENG150,C
S1007,BIO110,C
S1007,MTH220,C
S1008,CSC101,D
S1008,BUS201,F
S1008,ENG150,D
S1008,BIO110,D
S1008,MTH220,B
S1009,CSC101,B
S1009,BUS201,C
S1009,ENG150,A
S1009,BIO110,C
S1009,MTH220,F
S1010,CSC101,D
S1010,BUS201,D
S1010,ENG150,B
S1010,BIO110,D
S1010,MTH220,B
S1011,CSC101,F
S1011,BUS201,A
S1011,ENG150,C
S1011,BIO110,A
S1011,MTH220,B
S1012,CSC101,F
S1012,BUS201,C
S1012,ENG150,A
S1012,BIO110,B
S1012,MTH220,A
S1013,CSC101,D
S1013,BUS201,D
S1013,ENG150,A
S1013,BIO110,D
S1013,MTH220,D
S1014,CSC101,B
S1014,BUS201,B
S1014,ENG150,B
S1014,BIO110,A
S1014,MTH220,A
S1015,CSC101,A
S1015,BUS201,F
S1015,ENG150,F
S1015,BIO110,B
S1015,MTH220,A
S1016,CSC101,D
S1016,BUS201,A
S1016,ENG150,A
S1016,BIO110,D
S1016,MTH220,F
S1017,CSC101,B
S1017,BUS201,D
S1017,ENG150,B
S1017,BIO110,F
S1017,MTH220,A
S1018,CSC101,A
S1018,BUS201,A
S1018,ENG150,C
S1018,BIO110,F
S1018,MTH220,C
S1019,CSC101,A
S1019,BUS201,A
S1019,ENG150,D
S1019,BIO110,A
S1019,MTH220,C
S1020,CSC101,C
S1020,BUS201,B
S1020,ENG150,F
S1020,BIO110,C
S1020,MTH220,D
S1021,CSC101,A
S1021,BUS201,B
S1021,ENG150,F
S1021,BIO110,A
S1021,MTH220,D
S1022,CSC101,D
S1022,BUS201,D
S1022,ENG150,C
S1022,BIO110,C
S1022,MTH220,A
S1023,CSC101,F
S1023,BUS201,D
S1023,ENG150,B
S1023,BIO110,A
S1023,MTH220,F
S1024,CSC101,A
S1024,BUS201,A
S1024,ENG150,F
S1024,BIO110,F
S1024,MTH220,F
S1025,CSC101,C
S1025,BUS201,D
S1025,ENG150,C
S1025,BIO110,C
S1025,MTH220,C
S1026,CSC101,F
S1026,BUS201,B
S1026,ENG150,F
S1026,BIO110,B
S1026,MTH220,B
S1027,CSC101,A
S1027,BUS201,C
S1027,ENG150,A
S1027,BIO110,B
S1027,MTH220,A
S1028,CSC101,A
S1028,BUS201,A
S1028,ENG150,A
S1028,BIO110,F
S1028,MTH220,D
S1029,CSC101,D
S1029,BUS201,F
S1029,ENG150,C
S1029,BIO110,C
S1029,MTH220,C
S1030,CSC101,C
S1030,BUS201,A
S1030,ENG150,D
S1030,BIO110,B
S1030,MTH220,B
S1031,CSC101,F
S1031,BUS201,F
S1031,ENG150,F
S1031,BIO110,A
S1031,MTH220,D
S1032,CSC101,C
S1032,BUS201,F
S1032,ENG150,A
S1032,BIO110,A
S1032,MTH220,C
S1033,CSC101,C
S1033,BUS201,A
S1033,ENG150,D
S1033,BIO110,B
S1033,MTH220,C
S1034,CSC101,F
S1034,BUS201,F
S1034,ENG150,B
S1034,BIO110,D
S1034,MTH220,D
S1035,CSC101,D
S1035,BUS201,C
S1035,ENG150,C
S1035,BIO110,F
S1035,MTH220,C
S1036,CSC101,F
S1036,BUS201,D
S1036,ENG150,F
S1036,BIO110,F
S1036,MTH220,C
S1037,CSC101,A
S1037,BUS201,F
S1037,ENG150,B
S1037,BIO110,C
S1037,MTH220,F
S1038,CSC101,C
S1038,BUS201,C
S1038,ENG150,C
S1038,BIO110,C
S1038,MTH220,A
S1039,CSC101,C
S1039,BUS201,A
S1039,ENG150,C
S1039,BIO110,B
S1039,MTH220,A
S1040,CSC101,C
S1040,BUS201,B
S1040,ENG150,F
S1040,BIO110,A
S1040,MTH220,A
S1041,CSC101,D
S1041,BUS201,A
S1041,ENG150,A
S1041,BIO110,D
S1041,MTH220,D
S1042,CSC101,D
S1042,BUS201,D
S1042,ENG150,A
S1042,BIO110,B
S1042,MTH220,F
S1043,CSC101,B
S1043,BUS201,B
S1043,ENG150,F
S1043,BIO110,A
S1043,MTH220,A
S1044,CSC101,A
S1044,BUS201,A
S1044,ENG150,D
S1044,BIO110,F
S1044,MTH220,D
S1045,CSC101,C
S1045,BUS201,D
S1045,ENG150,F
S1045,BIO110,C
S1045,MTH220,B
S1046,CSC101,B
S1046,BUS201,A
S1046,ENG150,B
S1046,BIO110,D
S1046,MTH220,F
S1047,CSC101,C
S1047,BUS201,C
S1047,ENG150,D
S1047,BIO110,D
S1047,MTH220,F
S1048,CSC101,D
S1048,BUS201,B
S1048,ENG150,B
S1048,BIO110,C
S1048,MTH220,F
S1049,CSC101,C
S1049,BUS201,F
S1049,ENG150,F
S1049,BIO110,D
S1049,MTH220,D
S1050,CSC101,C
S1050,BUS201,F
S1050,ENG150,F
S1050,BIO110,D
S1050,MTH220,C
S1051,CSC101,B
S1051,BUS201,B
S1051,ENG150,A
S1051,BIO110,A
S1051,MTH220,C
S1052,CSC101,B
S1052,BUS201,D
S1052,ENG150,B
S1052,BIO110,D
S1052,MTH220,A
S1053,CSC101,F
S1053,BUS201,D
S1053,ENG150,B
S1053,BIO110,D
S1053,MTH220,D
S1054,CSC101,D
S1054,BUS201,B
S1054,ENG150,A
S1054,BIO110,C
S1054,MTH220,A
S1055,CSC101,F
S1055,BUS201,F
S1055,ENG150,B
S1055,BIO110,D
S1055,MTH220,A
S1056,CSC101,D
S1056,BUS201,F
S1056,ENG150,A
S1056,BIO110,F
S1056,MTH220,C
S1057,CSC101,D
S1057,BUS201,F
S1057,ENG150,D
S1057,BIO110,C
S1057,MTH220,F
S1058,CSC101,F
S1058,BUS201,B
S1058,ENG150,F
S1058,BIO110,C
S1058,MTH220,B
S1059,CSC101,C
S1059,BUS201,D
S1059,ENG150,F
S1059,BIO110,D
S1059,MTH220,C
S1060,CSC101,C
S1060,BUS201,B
S1060,ENG150,A
S1060,BIO110,B
S1060,MTH220,F
S1061,CSC101,F
S1061,BUS201,F
S1061,ENG150,D
S1061,BIO110,B
S1061,MTH220,F
S1062,CSC101,D
S1062,BUS201,F
S1062,ENG150,A
S1062,BIO110,C
S1062,MTH220,C
S1063,CSC101,B
S1063,BUS201,D
S1063,ENG150,D
S1063,BIO110,C
S1063,MTH220,C
S1064,CSC101,D
S1064,BUS201,F
S1064,ENG150,F
S1064,BIO110,C
S1064,MTH220,C
S1065,CSC101,A
S1065,BUS201,A
S1065,ENG150,C
S1065,BIO110,A
S1065,MTH220,F
S1066,CSC101,B
S1066,BUS201,C
S1066,ENG150,B
S1066,BIO110,D
S1066,MTH220,A
S1067,CSC101,D
S1067,BUS201,B
S1067,ENG150,A
S1067,BIO110,F
S1067,MTH220,F
S1068,CSC101,C
S1068,BUS201,B
S1068,ENG150,F
S1068,BIO110,B
S1068,MTH220,F
S1069,CSC101,F
S1069,BUS201,D
S1069,ENG150,D
S1069,BIO110,C
S1069,MTH220,D
S1070,CSC101,F
S1070,BUS201,A
S1070,ENG150,A
S1070,BIO110,B
S1070,MTH220,F
S1071,CSC101,D
S1071,BUS201,D
S1071,ENG150,A
S1071,BIO110,C
S1071,MTH220,D
S1072,CSC101,D
S1072,BUS201,F
S1072,ENG150,D
S1072,BIO110,C
S1072,MTH220,D
S1073,CSC101,D
S1073,BUS201,A
S1073,ENG150,B
S1073,BIO110,A
S1073,MTH220,A
S1074,CSC101,D
S1074,BUS201,F
S1074,ENG150,B
S1074,BIO110,D
S1074,MTH220,B
S1075,CSC101,A
S1075,BUS201,D
S1075,ENG150,C
S1075,BIO110,B
S1075,MTH220,A
S1076,CSC101,A
S1076,BUS201,C
S1076,ENG150,F
S1076,BIO110,B
S1076,MTH220,B
S1077,CSC101,B
S1077,BUS201,F
S1077,ENG150,B
S1077,BIO110,D
S1077,MTH220,F
S1078,CSC101,B
S1078,BUS201,F
S1078,ENG150,C
S1078,BIO110,A
S1078,MTH220,F
S1079,CSC101,C
S1079,BUS201,D
S1079,ENG150,A
S1079,BIO110,F
S1079,MTH220,C
S1080,CSC101,B
S1080,BUS201,F
S1080,ENG150,F
S1080,BIO110,C
S1080,MTH220,F
S1081,CSC101,B
S1081,BUS201,C
S1081,ENG150,F
S1081,BIO110,F
S1081,MTH220,F
S1082,CSC101,B
S1082,BUS201,A
S1082,ENG150,F
S1082,BIO110,B
S1082,MTH220,C
S1083,CSC101,A
S1083,BUS201,C
S1083,ENG150,A
S1083,BIO110,A
S1083,MTH220,C
S1084,CSC101,C
S1084,BUS201,D
S1084,ENG150,F
S1084,BIO110,D
S1084,MTH220,A
S1085,CSC101,B
S1085,BUS201,B
S1085,ENG150,C
S1085,BIO110,A
S1085,MTH220,B
S1086,CSC101,B
S1086,BUS201,D
S1086,ENG150,D
S1086,BIO110,D
S1086,MTH220,C
S1087,CSC101,B
S1087,BUS201,C
S1087,ENG150,B
S1087,BIO110,F
S1087,MTH220,C
S1088,CSC101,B
S1088,BUS201,B
S1088,ENG150,F
S1088,BIO110,B
S1088,MTH220,F
S1089,CSC101,B
S1089,BUS201,A
S1089,ENG150,A
S1089,BIO110,F
S1089,MTH220,D
S1090,CSC101,A
S1090,BUS201,D
S1090,ENG150,C
S1090,BIO110,B
S1090,MTH220,D
S1091,CSC101,F
S1091,BUS201,D
S1091,ENG150,B
S1091,BIO110,A
S1091,MTH220,D
S1092,CSC101,B
S1092,BUS201,D
S1092,ENG150,D
S1092,BIO110,F
S1092,MTH220,F
S1093,CSC101,F
S1093,BUS201,A
S1093,ENG150,A
S1093,BIO110,C
S1093,MTH220,A
S1094,CSC101,F
S1094,BUS201,A
S1094,ENG150,A
S1094,BIO110,B
S1094,MTH220,B
S1095,CSC101,B
S1095,BUS201,B
S1095,ENG150,B
S1095,BIO110,A
S1095,MTH220,C
S1096,CSC101,D
S1096,BUS201,F
S1096,ENG150,C
S1096,BIO110,F
S1096,MTH220,C
S1097,CSC101,C
S1097,BUS201,F
S1097,ENG150,D
S1097,BIO110,D
S1097,MTH220,F
S1098,CSC101,A
S1098,BUS201,D
S1098,ENG150,C
S1098,BIO110,F
S1098,MTH220,A
S1099,CSC101,D
S1099,BUS201,B
S1099,ENG150,B
S1099,BIO110,A
S1099,MTH220,D
S1100,CSC101,B
S1100,BUS201,C
S1100,ENG150,F
S1100,BIO110,D
S1100,MTH220,C
S1101,CSC101,C
S1101,BUS201,B
S1101,ENG150,C
S1101,BIO110,A
S1101,MTH220,F
S1102,CSC101,C
S1102,BUS201,C
S1102,ENG150,D
S1102,BIO110,B
S1102,MTH220,A
S1103,CSC101,D
S1103,BUS201,F
S1103,ENG150,C
S1103,BIO110,A
S1103,MTH220,C
S1104,CSC101,C
S1104,BUS201,A
S1104,ENG150,A
S1104,BIO110,A
S1104,MTH220,D
S1105,CSC101,C
S1105,BUS201,F
S1105,ENG150,C
S1105,BIO110,D
S1105,MTH220,C
S1106,CSC101,F
S1106,BUS201,C
S1106,ENG150,D
S1106,BIO110,D
S1106,MTH220,A
S1107,CSC101,F
S1107,BUS201,F
S1107,ENG150,F
S1107,BIO110,D
S1107,MTH220,C
S1108,CSC101,A
S1108,BUS201,B
S1108,ENG150,B
S1108,BIO110,A
S1108,MTH220,F
S1109,CSC101,C
S1109,BUS201,D
S1109,ENG150,F
S1109,BIO110,A
S1109,MTH220,D
S1110,CSC101,F
S1110,BUS201,C
S1110,ENG150,D
S1110,BIO110,D
S1110,MTH220,F
S1111,CSC101,A
S1111,BUS201,A
S1111,ENG150,B
S1111,BIO110,A
S1111,MTH220,C
S1112,CSC101,F
S1112,BUS201,A
S1112,ENG150,B
S1112,BIO110,D
S1112,MTH220,F
S1113,CSC101,C
S1113,BUS201,B
S1113,ENG150,F
S1113,BIO110,C
S1113,MTH220,C
S1114,CSC101,B
S1114,BUS201,A
S1114,ENG150,D
S1114,BIO110,C
S1114,MTH220,D
S1115,CSC101,A
S1115,BUS201,D
S1115,ENG150,A
S1115,BIO110,B
S1115,MTH220,D
S1116,CSC101,A
S1116,BUS201,F
S1116,ENG150,D
S1116,BIO110,B
S1116,MTH220,B
S1117,CSC101,D
S1117,BUS201,A
S1117,ENG150,B
S1117,BIO110,F
S1117,MTH220,D
S1118,CSC101,C
S1118,BUS201,C
S1118,ENG150,D
S1118,BIO110,B
S1118,MTH220,B
S1119,CSC101,D
S1119,BUS201,F
S1119,ENG150,F
S1119,BIO110,A
S1119,MTH220,C
S1120,CSC101,D
S1120,BUS201,D
S1120,ENG150,B
S1120,BIO110,D
S1120,MTH220,A
S1121,CSC101,F
S1121,BUS201,A
S1121,ENG150,A
S1121,BIO110,C
S1121,MTH220,B
S1122,CSC101,B
S1122,BUS201,A
S1122,ENG150,D
S1122,BIO110,A
S1122,MTH220,C
S1123,CSC101,B
S1123,BUS201,A
S1123,ENG150,C
S1123,BIO110,C
S1123,MTH220,C
S1124,CSC101,F
S1124,BUS201,B
S1124,ENG150,D
S1124,BIO110,B
S1124,MTH220,F
S1125,CSC101,C
S1125,BUS201,C
S1125,ENG150,B
S1125,BIO110,B
S1125,MTH220,D
S1126,CSC101,B
S1126,BUS201,B
S1126,ENG150,B
S1126,BIO110,B
S1126,MTH220,D
S1127,CSC101,F
S1127,BUS201,D
S1127,ENG150,C
S1127,BIO110,F
S1127,MTH220,B
S1128,CSC101,B
S1128,BUS201,C
S1128,ENG150,C
S1128,BIO110,C
S1128,MTH220,D
S1129,CSC101,F
S1129,BUS201,C
S1129,ENG150,F
S1129,BIO110,B
S1129,MTH220,A
S1130,CSC101,A
S1130,BUS201,C
S1130,ENG150,A
S1130,BIO110,C
S1130,MTH220,F
S1131,CSC101,C
S1131,BUS201,F
S1131,ENG150,D
S1131,BIO110,C
S1131,MTH220,B
S1132,CSC101,D
S1132,BUS201,D
S1132,ENG150,C
S1132,BIO110,C
S1132,MTH220,A
S1133,CSC101,C
S1133,BUS201,A
S1133,ENG150,A
S1133,BIO110,C
S1133,MTH220,C
S1134,CSC101,F
S1134,BUS201,F
S1134,ENG150,D
S1134,BIO110,D
S1134,MTH220,D
S1135,CSC101,F
S1135,BUS201,F
S1135,ENG150,B
S1135,BIO110,B
S1135,MTH220,D
S1136,CSC101,D
S1136,BUS201,C
S1136,ENG150,D
S1136,BIO110,D
S1136,MTH220,A
S1137,CSC101,B
S1137,BUS201,F
S1137,ENG150,D
S1137,BIO110,C
S1137,MTH220,D
S1138,CSC101,C
S1138,BUS201,D
S1138,ENG150,B
S1138,BIO110,C
S1138,MTH220,D
S1139,CSC101,B
S1139,BUS201,B
S1139,ENG150,F
S1139,BIO110,D
S1139,MTH220,B
S1140,CSC101,A
S1140,BUS201,F
S1140,ENG150,A
S1140,BIO110,B
S1140,MTH220,F
S1141,CSC101,B
S1141,BUS201,C
S1141,ENG150,B
S1141,BIO110,B
S1141,MTH220,F
S1142,CSC101,B
S1142,BUS201,F
S1142,ENG150,C
S1142,BIO110,D
S1142,MTH220,D
S1143,CSC101,A
S1143,BUS201,A
S1143,ENG150,F
S1143,BIO110,D
S1143,MTH220,C
S1144,CSC101,F
S1144,BUS201,C
S1144,ENG150,D
S1144,BIO110,A
S1144,MTH220,F
S1145,CSC101,B
S1145,BUS201,B
S1145,ENG150,C
S1145,BIO110,D
S1145,MTH220,D
S1146,CSC101,F
S1146,BUS201,B
S1146,ENG150,B
S1146,BIO110,F
S1146,MTH220,B
S1147,CSC101,D
S1147,BUS201,F
S1147,ENG150,D
S1147,BIO110,F
S1147,MTH220,D
S1148,CSC101,C
S1148,BUS201,A
S1148,ENG150,A
S1148,BIO110,A
S1148,MTH220,A
S1149,CSC101,D
S1149,BUS201,F
S1149,ENG150,C
S1149,BIO110,C
S1149,MTH220,A
S1150,CSC101,B
S1150,BUS201,D
S1150,ENG150,B
S1150,BIO110,C
S1150,MTH220,B
S1151,CSC101,B
S1151,BUS201,F
S1151,ENG150,A
S1151,BIO110,B
S1151,MTH220,C
S1152,CSC101,B
S1152,BUS201,F
S1152,ENG150,B
S1152,BIO110,C
S1152,MTH220,C
S1153,CSC101,D
S1153,BUS201,B
S1153,ENG150,D
S1153,BIO110,F
S1153,MTH220,B
S1154,CSC101,C
S1154,BUS201,C
S1154,ENG150,D
S1154,BIO110,C
S1154,MTH220,C
S1155,CSC101,D
S1155,BUS201,F
S1155,ENG150,F
S1155,BIO110,B
S1155,MTH220,B
S1156,CSC101,B
S1156,BUS201,A
S1156,ENG150,F
S1156,BIO110,C
S1156,MTH220,C
S1157,CSC101,B
S1157,BUS201,A
S1157,ENG150,C
S1157,BIO110,D
S1157,MTH220,D
S1158,CSC101,F
S1158,BUS201,F
S1158,ENG150,A
S1158,BIO110,A
S1158,MTH220,F
S1159,CSC101,B
S1159,BUS201,B
S1159,ENG150,A
S1159,BIO110,B
S1159,MTH220,B
S1160,CSC101,F
S1160,BUS201,A
S1160,ENG150,F
S1160,BIO110,A
S1160,MTH220,F
S1161,CSC101,A
S1161,BUS201,F
S1161,ENG150,F
S1161,BIO110,C
S1161,MTH220,C
S1162,CSC101,F
S1162,BUS201,F
S1162,ENG150,A
S1162,BIO110,D
S1162,MTH220,D
S1163,CSC101,B
S1163,BUS201,C
S1163,ENG150,B
S1163,BIO110,C
S1163,MTH220,C
S1164,CSC101,D
S1164,BUS201,C
S1164,ENG150,B
S1164,BIO110,C
S1164,MTH220,A
S1165,CSC101,A
S1165,BUS201,A
S1165,ENG150,B
S1165,BIO110,A
S1165,MTH220,F
S1166,CSC101,C
S1166,BUS201,D
S1166,ENG150,D
S1166,BIO110,B
S1166,MTH220,D
S1167,CSC101,B
S1167,BUS201,C
S1167,ENG150,A
S1167,BIO110,C
S1167,MTH220,C
S1168,CSC101,D
S1168,BUS201,C
S1168,ENG150,A
S1168,BIO110,C
S1168,MTH220,F
S1169,CSC101,A
S1169,BUS201,F
S1169,ENG150,F
S1169,BIO110,D
S1169,MTH220,F
S1170,CSC101,C
S1170,BUS201,C
S1170,ENG150,B
S1170,BIO110,F
S1170,MTH220,B
S1171,CSC101,F
S1171,BUS201,F
S1171,ENG150,A
S1171,BIO110,F
S1171,MTH220,B
S1172,CSC101,F
S1172,BUS201,A
S1172,ENG150,C
S1172,BIO110,F
S1172,MTH220,D
S1173,CSC101,A
S1173,BUS201,A
S1173,ENG150,D
S1173,BIO110,B
S1173,MTH220,F
S1174,CSC101,B
S1174,BUS201,A
S1174,ENG150,B
S1174,BIO110,C
S1174,MTH220,A
S1175,CSC101,B
S1175,BUS201,C
S1175,ENG150,D
S1175,BIO110,D
S1175,MTH220,A
S1176,CSC101,F
S1176,BUS201,A
S1176,ENG150,F
S1176,BIO110,D
S1176,MTH220,A
S1177,CSC101,A
S1177,BUS201,A
S1177,ENG150,F
S1177,BIO110,C
S1177,MTH220,C
S1178,CSC101,A
S1178,BUS201,F
S1178,ENG150,C
S1178,BIO110,B
S1178,MTH220,D
S1179,CSC101,B
S1179,BUS201,B
S1179,ENG150,F
S1179,BIO110,D
S1179,MTH220,B
S1180,CSC101,F
S1180,BUS201,C
S1180,ENG150,F
S1180,BIO110,D
S1180,MTH220,F
S1181,CSC101,B
S1181,BUS201,F
S1181,ENG150,C
S1181,BIO110,B
S1181,MTH220,D
S1182,CSC101,A
S1182,BUS201,A
S1182,ENG150,D
S1182,BIO110,F
S1182,MTH220,A
S1183,CSC101,B
S1183,BUS201,B
S1183,ENG150,A
S1183,BIO110,F
S1183,MTH220,A
S1184,CSC101,A
S1184,BUS201,B
S1184,ENG150,B
S1184,BIO110,D
S1184,MTH220,D
S1185,CSC101,A
S1185,BUS201,D
S1185,ENG150,B
S1185,BIO110,B
S1185,MTH220,A
S1186,CSC101,B
S1186,BUS201,B
S1186,ENG150,D
S1186,BIO110,F
S1186,MTH220,B
S1187,CSC101,F
S1187,BUS201,F
S1187,ENG150,A
S1187,BIO110,A
S1187,MTH220,C
S1188,CSC101,A
S1188,BUS201,A
S1188,ENG150,F
S1188,BIO110,F
S1188,MTH220,D
S1189,CSC101,A
S1189,BUS201,A
S1189,ENG150,C
S1189,BIO110,C
S1189,MTH220,B
S1190,CSC101,A
S1190,BUS201,C
S1190,ENG150,D
S1190,BIO110,F
S1190,MTH220,A
S1191,CSC101,D
S1191,BUS201,C
S1191,ENG150,F
S1191,BIO110,A
S1191,MTH220,B
S1192,CSC101,C
S1192,BUS201,F
S1192,ENG150,F
S1192,BIO110,B
S1192,MTH220,F
S1193,CSC101,B
S1193,BUS201,F
S1193,ENG150,C
S1193,BIO110,F
S1193,MTH220,F
S1194,CSC101,F
S1194,BUS201,F
S1194,ENG150,D
S1194,BIO110,B
S1194,MTH220,F
S1195,CSC101,C
S1195,BUS201,C
S1195,ENG150,F
S1195,BIO110,F
S1195,MTH220,B
S1196,CSC101,F
S1196,BUS201,C
S1196,ENG150,D
S1196,BIO110,B
S1196,MTH220,F
S1197,CSC101,F
S1197,BUS201,B
S1197,ENG150,F
S1197,BIO110,D
S1197,MTH220,A
S1198,CSC101,A
S1198,BUS201,D
S1198,ENG150,F
S1198,BIO110,B
S1198,MTH220,B
S1199,CSC101,C
S1199,BUS201,B
S1199,ENG150,D
S1199,BIO110,F
S1199,MTH220,B
S1200,CSC101,D
S1200,BUS201,D
S1200,ENG150,D
S1200,BIO110,C
S1200,MTH220,A
S1201,CSC101,A
S1201,BUS201,B
S1201,ENG150,A
S1201,BIO110,D
S1201,MTH220,C
S1202,CSC101,F
S1202,BUS201,A
S1202,ENG150,D
S1202,BIO110,F
S1202,MTH220,B
S1203,CSC101,B
S1203,BUS201,F
S1203,ENG150,D
S1203,BIO110,B
S1203,MTH220,C
S1204,CSC101,C
S1204,BUS201,B
S1204,ENG150,B
S1204,BIO110,F
S1204,MTH220,C
S1205,CSC101,F
S1205,BUS201,C
S1205,ENG150,A
S1205,BIO110,A
S1205,MTH220,C
S1206,CSC101,A
S1206,BUS201,A
S1206,ENG150,C
S1206,BIO110,D
S1206,MTH220,F
S1207,CSC101,F
S1207,BUS201,F
S1207,ENG150,D
S1207,BIO110,B
S1207,MTH220,A
S1208,CSC101,A
S1208,BUS201,A
S1208,ENG150,F
S1208,BIO110,F
S1208,MTH220,F
S1209,CSC101,C
S1209,BUS201,F
S1209,ENG150,F
S1209,BIO110,D
S1209,MTH220,A
S1210,CSC101,D
S1210,BUS201,F
S1210,ENG150,A
S1210,BIO110,D
S1210,MTH220,F
S1211,CSC101,A
S1211,BUS201,B
S1211,ENG150,B
S1211,BIO110,C
S1211,MTH220,A
S1212,CSC101,F
S1212,BUS201,F
S1212,ENG150,D
S1212,BIO110,A
S1212,MTH220,A
S1213,CSC101,A
S1213,BUS201,C
S1213,ENG150,B
S1213,BIO110,F
S1213,MTH220,A
S1214,CSC101,D
S1214,BUS201,C
S1214,ENG150,F
S1214,BIO110,B
S1214,MTH220,C
S1215,CSC101,F
S1215,BUS201,A
S1215,ENG150,B
S1215,BIO110,F
S1215,MTH220,C
S1216,CSC101,B
S1216,BUS201,C
S1216,ENG150,D
S1216,BIO110,B
S1216,MTH220,A
S1217,CSC101,F
S1217,BUS201,F
S1217,ENG150,F
S1217,BIO110,D
S1217,MTH220,C
S1218,CSC101,F
S1218,BUS201,F
S1218,ENG150,B
S1218,BIO110,D
S1218,MTH220,B
S1219,CSC101,C
S1219,BUS201,C
S1219,ENG150,F
S1219,BIO110,C
S1219,MTH220,F
S1220,CSC101,F
S1220,BUS201,D
S1220,ENG150,D
S1220,BIO110,B
S1220,MTH220,B
S1221,CSC101,A
S1221,BUS201,F
S1221,ENG150,D
S1221,BIO110,A
S1221,MTH220,F
S1222,CSC101,A
S1222,BUS201,A
S1222,ENG150,B
S1222,BIO110,F
S1222,MTH220,C
S1223,CSC101,F
S1223,BUS201,B
S1223,ENG150,F
S1223,BIO110,C
S1223,MTH220,F
S1224,CSC101,B
S1224,BUS201,B
S1224,ENG150,A
S1224,BIO110,F
S1224,MTH220,C
S1225,CSC101,C
S1225,BUS201,A
S1225,ENG150,F
S1225,BIO110,B
S1225,MTH220,D
S1226,CSC101,F
S1226,BUS201,A
S1226,ENG150,C
S1226,BIO110,A
S1226,MTH220,B
S1227,CSC101,B
S1227,BUS201,B
S1227,ENG150,B
S1227,BIO110,A
S1227,MTH220,C
S1228,CSC101,A
S1228,BUS201,F
S1228,ENG150,B
S1228,BIO110,A
S1228,MTH220,F
S1229,CSC101,A
S1229,BUS201,C
S1229,ENG150,B
S1229,BIO110,C
S1229,MTH220,D
S1230,CSC101,A
S1230,BUS201,B
S1230,ENG150,F
S1230,BIO110,C
S1230,MTH220,C
S1231,CSC101,F
S1231,BUS201,D
S1231,ENG150,A
S1231,BIO110,B
S1231,MTH220,F
S1232,CSC101,F
S1232,BUS201,F
S1232,ENG150,A
S1232,BIO110,C
S1232,MTH220,A
S1233,CSC101,D
S1233,BUS201,D
S1233,ENG150,A
S1233,BIO110,C
S1233,MTH220,C
S1234,CSC101,B
S1234,BUS201,B
S1234,ENG150,D
S1234,BIO110,D
S1234,MTH220,B
S1235,CSC101,C
S1235,BUS201,F
S1235,ENG150,D
S1235,BIO110,F
S1235,MTH220,B
S1236,CSC101,B
S1236,BUS201,D
S1236,ENG150,F
S1236,BIO110,F
S1236,MTH220,B
S1237,CSC101,F
S1237,BUS201,A
S1237,ENG150,D
S1237,BIO110,D
S1237,MTH220,C
S1238,CSC101,F
S1238,BUS201,D
S1238,ENG150,A
S1238,BIO110,A
S1238,MTH220,F
S1239,CSC101,C
S1239,BUS201,C
S1239,ENG150,A
S1239,BIO110,F
S1239,MTH220,A
S1240,CSC101,F
S1240,BUS201,C
S1240,ENG150,F
S1240,BIO110,B
S1240,MTH220,C
S1241,CSC101,F
S1241,BUS201,B
S1241,ENG150,C
S1241,BIO110,A
S1241,MTH220,C
S1242,CSC101,C
S1242,BUS201,D
S1242,ENG150,D
S1242,BIO110,C
S1242,MTH220,D
S1243,CSC101,C
S1243,BUS201,C
S1243,ENG150,C
S1243,BIO110,F
S1243,MTH220,C
S1244,CSC101,B
S1244,BUS201,A
S1244,ENG150,C
S1244,BIO110,A
S1244,MTH220,D
S1245,CSC101,F
S1245,BUS201,A
S1245,ENG150,B
S1245,BIO110,B
S1245,MTH220,B
S1246,CSC101,A
S1246,BUS201,D
S1246,ENG150,B
S1246,BIO110,C
S1246,MTH220,D
S1247,CSC101,A
S1247,BUS201,B
S1247,ENG150,C
S1247,BIO110,A
S1247,MTH220,F
S1248,CSC101,F
S1248,BUS201,A
S1248,ENG150,D
S1248,BIO110,A
S1248,MTH220,F
S1249,CSC101,D
S1249,BUS201,C
S1249,ENG150,D
S1249,BIO110,B
S1249,MTH220,D
S1250,CSC101,A
S1250,BUS201,C
S1250,ENG150,F
S1250,BIO110,D
S1250,MTH220,D
S1251,CSC101,C
S1251,BUS201,D
S1251,ENG150,B
S1251,BIO110,F
S1251,MTH220,D
S1252,CSC101,C
S1252,BUS201,B
S1252,ENG150,A
S1252,BIO110,A
S1252,MTH220,A
S1253,CSC101,D
S1253,BUS201,B
S1253,ENG150,D
S1253,BIO110,B
S1253,MTH220,C
S1254,CSC101,F
S1254,BUS201,F
S1254,ENG150,A
S1254,BIO110,C
S1254,MTH220,F
S1255,CSC101,D
S1255,BUS201,B
S1255,ENG150,A
S1255,BIO110,F
S1255,MTH220,C
S1256,CSC101,B
S1256,BUS201,A
S1256,ENG150,D
S1256,BIO110,A
S1256,MTH220,B
S1257,CSC101,C
S1257,BUS201,C
S1257,ENG150,C
S1257,BIO110,D
S1257,MTH220,A
S1258,CSC101,C
S1258,BUS201,F
S1258,ENG150,C
S1258,BIO110,C
S1258,MTH220,A
S1259,CSC101,D
S1259,BUS201,C
S1259,ENG150,A
S1259,BIO110,D
S1259,MTH220,A
S1260,CSC101,B
S1260,BUS201,A
S1260,ENG150,D
S1260,BIO110,A
S1260,MTH220,C
S1261,CSC101,F
S1261,BUS201,B
S1261,ENG150,C
S1261,BIO110,D
S1261,MTH220,B
S1262,CSC101,D
S1262,BUS201,F
S1262,ENG150,F
S1262,BIO110,D
S1262,MTH220,B
S1263,CSC101,D
S1263,BUS201,A
S1263,ENG150,C
S1263,BIO110,F
S1263,MTH220,B
S1264,CSC101,F
S1264,BUS201,D
S1264,ENG150,F
S1264,BIO110,F
S1264,MTH220,A
S1265,CSC101,D
S1265,BUS201,C
S1265,ENG150,F
S1265,BIO110,A
S1265,MTH220,A
S1266,CSC101,D
S1266,BUS201,B
S1266,ENG150,D
S1266,BIO110,B
S1266,MTH220,A
S1267,CSC101,C
S1267,BUS201,F
S1267,ENG150,B
S1267,BIO110,A
S1267,MTH220,A
S1268,CSC101,C
S1268,BUS201,D
S1268,ENG150,B
S1268,BIO110,F
S1268,MTH220,B
S1269,CSC101,F
S1269,BUS201,B
S1269,ENG150,C
S1269,BIO110,F
S1269,MTH220,D
S1270,CSC101,B
S1270,BUS201,C
S1270,ENG150,A
S1270,BIO110,A
S1270,MTH220,C
S1271,CSC101,A
S1271,BUS201,D
S1271,ENG150,C
S1271,BIO110,D
S1271,MTH220,D
S1272,CSC101,A
S1272,BUS201,A
S1272,ENG150,B
S1272,BIO110,A
S1272,MTH220,D
S1273,CSC101,D
S1273,BUS201,A
S1273,ENG150,C
S1273,BIO110,B
S1273,MTH220,C
S1274,CSC101,F
S1274,BUS201,B
S1274,ENG150,D
S1274,BIO110,B
S1274,MTH220,C
S1275,CSC101,D
S1275,BUS201,A
S1275,ENG150,D
S1275,BIO110,F
S1275,MTH220,D
S1276,CSC101,F
S1276,BUS201,B
S1276,ENG150,D
S1276,BIO110,C
S1276,MTH220,B
S1277,CSC101,A
S1277,BUS201,F
S1277,ENG150,C
S1277,BIO110,A
S1277,MTH220,A
S1278,CSC101,F
S1278,BUS201,B
S1278,ENG150,D
S1278,BIO110,D
S1278,MTH220,F
S1279,CSC101,D
S1279,BUS201,C
S1279,ENG150,A
S1279,BIO110,F
S1279,MTH220,B
S1280,CSC101,D
S1280,BUS201,C
S1280,ENG150,F
S1280,BIO110,C
S1280,MTH220,C
S1281,CSC101,D
S1281,BUS201,C
S1281,ENG150,B
S1281,BIO110,A
S1281,MTH220,F
S1282,CSC101,B
S1282,BUS201,B
S1282,ENG150,C
S1282,BIO110,C
S1282,MTH220,C
S1283,CSC101,A
S1283,BUS201,C
S1283,ENG150,F
S1283,BIO110,C
S1283,MTH220,C
S1284,CSC101,F
S1284,BUS201,B
S1284,ENG150,F
S1284,BIO110,D
S1284,MTH220,D
S1285,CSC101,F
S1285,BUS201,F
S1285,ENG150,B
S1285,BIO110,C
S1285,MTH220,D
S1286,CSC101,D
S1286,BUS201,F
S1286,ENG150,A
S1286,BIO110,F
S1286,MTH220,A
S1287,CSC101,F
S1287,BUS201,D
S1287,ENG150,C
S1287,BIO110,B
S1287,MTH220,A
S1288,CSC101,C
S1288,BUS201,B
S1288,ENG150,B
S1288,BIO110,D
S1288,MTH220,F
S1289,CSC101,F
S1289,BUS201,D
S1289,ENG150,D
S1289,BIO110,D
S1289,MTH220,C
S1290,CSC101,C
S1290,BUS201,A
S1290,ENG150,D
S1290,BIO110,D
S1290,MTH220,F
S1291,CSC101,D
S1291,BUS201,F
S1291,ENG150,C
S1291,BIO110,F
S1291,MTH220,C
S1292,CSC101,A
S1292,BUS201,A
S1292,ENG150,A
S1292,BIO110,C
S1292,MTH220,D
S1293,CSC101,B
S1293,BUS201,A
S1293,ENG150,F
S1293,BIO110,B
S1293,MTH220,F
S1294,CSC101,A
S1294,BUS201,F
S1294,ENG150,D
S1294,BIO110,F
S1294,MTH220,F
S1295,CSC101,F
S1295,BUS201,F
S1295,ENG150,D
S1295,BIO110,A
S1295,MTH220,F
S1296,CSC101,D
S1296,BUS201,C
S1296,ENG150,C
S1296,BIO110,A
S1296,MTH220,D
S1297,CSC101,A
S1297,BUS201,C
S1297,ENG150,B
S1297,BIO110,B
S1297,MTH220,C
S1298,CSC101,B
S1298,BUS201,B
S1298,ENG150,A
S1298,BIO110,A
S1298,MTH220,B
S1299,CSC101,D
S1299,BUS201,D
S1299,ENG150,C
S1299,BIO110,D
S1299,MTH220,B
S1300,CSC101,B
S1300,BUS201,A
S1300,ENG150,D
S1300,BIO110,B
S1300,MTH220,D
S1301,CSC101,B
S1301,BUS201,F
S1301,ENG150,B
S1301,BIO110,F
S1301,MTH220,D
S1302,CSC101,D
S1302,BUS201,B
S1302,ENG150,B
S1302,BIO110,F
S1302,MTH220,B
S1303,CSC101,C
S1303,BUS201,D
S1303,ENG150,D
S1303,BIO110,C
S1303,MTH220,B
S1304,CSC101,F
S1304,BUS201,B
S1304,ENG150,A
S1304,BIO110,D
S1304,MTH220,B
S1305,CSC101,A
S1305,BUS201,C
S1305,ENG150,A
S1305,BIO110,A
S1305,MTH220,F
S1306,CSC101,A
S1306,BUS201,B
S1306,ENG150,C
S1306,BIO110,F
S1306,MTH220,F
S1307,CSC101,C
S1307,BUS201,B
S1307,ENG150,A
S1307,BIO110,F
S1307,MTH220,B
S1308,CSC101,F
S1308,BUS201,C
S1308,ENG150,F
S1308,BIO110,C
S1308,MTH220,A
S1309,CSC101,B
S1309,BUS201,D
S1309,ENG150,D
S1309,BIO110,C
S1309,MTH220,B
S1310,CSC101,F
S1310,BUS201,A
S1310,ENG150,A
S1310,BIO110,A
S1310,MTH220,B
S1311,CSC101,B
S1311,BUS201,F
S1311,ENG150,B
S1311,BIO110,A
S1311,MTH220,B
S1312,CSC101,C
S1312,BUS201,B
S1312,ENG150,C
S1312,BIO110,D
S1312,MTH220,A
S1313,CSC101,A
S1313,BUS201,B
S1313,ENG150,C
S1313,BIO110,C
S1313,MTH220,A
S1314,CSC101,F
S1314,BUS201,B
S1314,ENG150,D
S1314,BIO110,D
S1314,MTH220,B
S1315,CSC101,C
S1315,BUS201,D
S1315,ENG150,A
S1315,BIO110,B
S1315,MTH220,A
S1316,CSC101,B
S1316,BUS201,F
S1316,ENG150,C
S1316,BIO110,C
S1316,MTH220,C
S1317,CSC101,D
S1317,BUS201,A
S1317,ENG150,F
S1317,BIO110,C
S1317,MTH220,D
S1318,CSC101,D
S1318,BUS201,C
S1318,ENG150,A
S1318,BIO110,B
S1318,MTH220,A
S1319,CSC101,A
S1319,BUS201,F
S1319,ENG150,B
S1319,BIO110,C
S1319,MTH220,C
S1320,CSC101,F
S1320,BUS201,A
S1320,ENG150,B
S1320,BIO110,B
S1320,MTH220,D
S1321,CSC101,B
S1321,BUS201,A
S1321,ENG150,B
S1321,BIO110,A
S1321,MTH220,F
S1322,CSC101,C
S1322,BUS201,C
S1322,ENG150,B
S1322,BIO110,C
S1322,MTH220,C
S1323,CSC101,A
S1323,BUS201,F
S1323,ENG150,B
S1323,BIO110,F
S1323,MTH220,A
S1324,CSC101,A
S1324,BUS201,D
S1324,ENG150,D
S1324,BIO110,D
S1324,MTH220,D
S1325,CSC101,B
S1325,BUS201,B
S1325,ENG150,B
S1325,BIO110,C
S1325,MTH220,D
S1326,CSC101,C
S1326,BUS201,C
S1326,ENG150,A
S1326,BIO110,C
S1326,MTH220,B
S1327,CSC101,D
S1327,BUS201,F
S1327,ENG150,C
S1327,BIO110,D
S1327,MTH220,D
S1328,CSC101,D
S1328,BUS201,F
S1328,ENG150,B
S1328,BIO110,F
S1328,MTH220,D
S1329,CSC101,F
S1329,BUS201,A
S1329,ENG150,C
S1329,BIO110,B
S1329,MTH220,F
S1330,CSC101,A
S1330,BUS201,F
S1330,ENG150,C
S1330,BIO110,F
S1330,MTH220,D
S1331,CSC101,B
S1331,BUS201,C
S1331,ENG150,D
S1331,BIO110,B
S1331,MTH220,A
S1332,CSC101,B
S1332,BUS201,A
S1332,ENG150,C
S1332,BIO110,D
S1332,MTH220,D
S1333,CSC101,A
S1333,BUS201,F
S1333,ENG150,D
S1333,BIO110,A
S1333,MTH220,A
S1334,CSC101,A
S1334,BUS201,B
S1334,ENG150,A
S1334,BIO110,D
S1334,MTH220,B
S1335,CSC101,C
S1335,BUS201,F
S1335,ENG150,B
S1335,BIO110,D
S1335,MTH220,D
S1336,CSC101,F
S1336,BUS201,B
S1336,ENG150,D
S1336,BIO110,C
S1336,MTH220,C
S1337,CSC101,F
S1337,BUS201,F
S1337,ENG150,B
S1337,BIO110,C
S1337,MTH220,F
S1338,CSC101,F
S1338,BUS201,C
S1338,ENG150,C
S1338,BIO110,B
S1338,MTH220,B
S1339,CSC101,F
S1339,BUS201,F
S1339,ENG150,A
S1339,BIO110,D
S1339,MTH220,C
S1340,CSC101,B
S1340,BUS201,A
S1340,ENG150,D
S1340,BIO110,B
S1340,MTH220,D
S1341,CSC101,A
S1341,BUS201,D
S1341,ENG150,C
S1341,BIO110,A
S1341,MTH220,B
S1342,CSC101,A
S1342,BUS201,C
S1342,ENG150,C
S1342,BIO110,C
S1342,MTH220,B
S1343,CSC101,C
S1343,BUS201,F
S1343,ENG150,D
S1343,BIO110,D
S1343,MTH220,D
S1344,CSC101,D
S1344,BUS201,C
S1344,ENG150,A
S1344,BIO110,D
S1344,MTH220,F
S1345,CSC101,F
S1345,BUS201,B
S1345,ENG150,C
S1345,BIO110,B
S1345,MTH220,A
S1346,CSC101,B
S1346,BUS201,D
S1346,ENG150,C
S1346,BIO110,D
S1346,MTH220,F
S1347,CSC101,B
S1347,BUS201,A
S1347,ENG150,A
S1347,BIO110,A
S1347,MTH220,F
S1348,CSC101,A
S1348,BUS201,B
S1348,ENG150,F
S1348,BIO110,C
S1348,MTH220,D
S1349,CSC101,D
S1349,BUS201,C
S1349,ENG150,B
S1349,BIO110,C
S1349,MTH220,A
S1350,CSC101,C
S1350,BUS201,D
S1350,ENG150,B
S1350,BIO110,B
S1350,MTH220,B
S1351,CSC101,C
S1351,BUS201,D
S1351,ENG150,D
S1351,BIO110,B
S1351,MTH220,C
S1352,CSC101,A
S1352,BUS201,F
S1352,ENG150,F
S1352,BIO110,C
S1352,MTH220,A
S1353,CSC101,A
S1353,BUS201,D
S1353,ENG150,F
S1353,BIO110,A
S1353,MTH220,A
S1354,CSC101,F
S1354,BUS201,A
S1354,ENG150,F
S1354,BIO110,D
S1354,MTH220,D
S1355,CSC101,B
S1355,BUS201,F
S1355,ENG150,A
S1355,BIO110,B
S1355,MTH220,A
S1356,CSC101,D
S1356,BUS201,A
S1356,ENG150,C
S1356,BIO110,B
S1356,MTH220,B
S1357,CSC101,F
S1357,BUS201,F
S1357,ENG150,A
S1357,BIO110,C
S1357,MTH220,C
S1358,CSC101,F
S1358,BUS201,B
S1358,ENG150,C
S1358,BIO110,F
S1358,MTH220,F
S1359,CSC101,F
S1359,BUS201,B
S1359,ENG150,F
S1359,BIO110,D
S1359,MTH220,C
S1360,CSC101,F
S1360,BUS201,A
S1360,ENG150,D
S1360,BIO110,B
S1360,MTH220,A
S1361,CSC101,F
S1361,BUS201,D
S1361,ENG150,C
S1361,BIO110,B
S1361,MTH220,A
S1362,CSC101,B
S1362,BUS201,D
S1362,ENG150,F
S1362,BIO110,C
S1362,MTH220,D
S1363,CSC101,D
S1363,BUS201,A
S1363,ENG150,D
S1363,BIO110,B
S1363,MTH220,C
S1364,CSC101,C
S1364,BUS201,C
S1364,ENG150,F
S1364,BIO110,F
S1364,MTH220,B
S1365,CSC101,B
S1365,BUS201,C
S1365,ENG150,D
S1365,BIO110,A
S1365,MTH220,F
S1366,CSC101,C
S1366,BUS201,C
S1366,ENG150,C
S1366,BIO110,D
S1366,MTH220,A
S1367,CSC101,F
S1367,BUS201,A
S1367,ENG150,B
S1367,BIO110,C
S1367,MTH220,F
S1368,CSC101,B
S1368,BUS201,F
S1368,ENG150,D
S1368,BIO110,D
S1368,MTH220,B
S1369,CSC101,F
S1369,BUS201,F
S1369,ENG150,D
S1369,BIO110,C
S1369,MTH220,A
S1370,CSC101,F
S1370,BUS201,A
S1370,ENG150,B
S1370,BIO110,A
S1370,MTH220,C
S1371,CSC101,C
S1371,BUS201,F
S1371,ENG150,B
S1371,BIO110,F
S1371,MTH220,D
S1372,CSC101,C
S1372,BUS201,F
S1372,ENG150,A
S1372,BIO110,C
S1372,MTH220,D
S1373,CSC101,C
S1373,BUS201,F
S1373,ENG150,D
S1373,BIO110,A
S1373,MTH220,C
S1374,CSC101,A
S1374,BUS201,B
S1374,ENG150,B
S1374,BIO110,A
S1374,MTH220,F
S1375,CSC101,B
S1375,BUS201,F
S1375,ENG150,D
S1375,BIO110,A
S1375,MTH220,C
S1376,CSC101,A
S1376,BUS201,B
S1376,ENG150,D
S1376,BIO110,D
S1376,MTH220,B
S1377,CSC101,D
S1377,BUS201,A
S1377,ENG150,D
S1377,BIO110,C
S1377,MTH220,C
S1378,CSC101,A
S1378,BUS201,A
S1378,ENG150,D
S1378,BIO110,F
S1378,MTH220,D
S1379,CSC101,F
S1379,BUS201,F
S1379,ENG150,D
S1379,BIO110,A
S1379,MTH220,D
S1380,CSC101,B
S1380,BUS201,D
S1380,ENG150,F
S1380,BIO110,A
S1380,MTH220,A
S1381,CSC101,A
S1381,BUS201,D
S1381,ENG150,C
S1381,BIO110,B
S1381,MTH220,B
S1382,CSC101,D
S1382,BUS201,B
S1382,ENG150,B
S1382,BIO110,B
S1382,MTH220,B
S1383,CSC101,B
S1383,BUS201,A
S1383,ENG150,F
S1383,BIO110,B
S1383,MTH220,A
S1384,CSC101,C
S1384,BUS201,F
S1384,ENG150,F
S1384,BIO110,F
S1384,MTH220,D
S1385,CSC101,D
S1385,BUS201,D
S1385,ENG150,F
S1385,BIO110,F
S1385,MTH220,C
S1386,CSC101,B
S1386,BUS201,D
S1386,ENG150,C
S1386,BIO110,C
S1386,MTH220,F
S1387,CSC101,C
S1387,BUS201,C
S1387,ENG150,C
S1387,BIO110,C
S1387,MTH220,A
S1388,CSC101,A
S1388,BUS201,B
S1388,ENG150,D
S1388,BIO110,B
S1388,MTH220,C
S1389,CSC101,A
S1389,BUS201,D
S1389,ENG150,D
S1389,BIO110,B
S1389,MTH220,B
S1390,CSC101,A
S1390,BUS201,F
S1390,ENG150,C
S1390,BIO110,F
S1390,MTH220,B
S1391,CSC101,F
S1391,BUS201,B
S1391,ENG150,D
S1391,BIO110,B
S1391,MTH220,C
S1392,CSC101,C
S1392,BUS201,D
S1392,ENG150,F
S1392,BIO110,A
S1392,MTH220,C
S1393,CSC101,F
S1393,BUS201,D
S1393,ENG150,B
S1393,BIO110,A
S1393,MTH220,A
S1394,CSC101,B
S1394,BUS201,C
S1394,ENG150,B
S1394,BIO110,B
S1394,MTH220,D
S1395,CSC101,B
S1395,BUS201,C
S1395,ENG150,B
S1395,BIO110,C
S1395,MTH220,A
S1396,CSC101,F
S1396,BUS201,F
S1396,ENG150,C
S1396,BIO110,D
S1396,MTH220,D
S1397,CSC101,B
S1397,BUS201,F
S1397,ENG150,B
S1397,BIO110,C
S1397,MTH220,B
S1398,CSC101,F
S1398,BUS201,F
S1398,ENG150,B
S1398,BIO110,C
S1398,MTH220,C
S1399,CSC101,F
S1399,BUS201,D
S1399,ENG150,F
S1399,BIO110,C
S1399,MTH220,D
S1400,CSC101,C
S1400,BUS201,A
S1400,ENG150,A
S1400,BIO110,A
S1400,MTH220,D
S1401,CSC101,F
S1401,BUS201,C
S1401,ENG150,D
S1401,BIO110,F
S1401,MTH220,F
S1402,CSC101,A
S1402,BUS201,B
S1402,ENG150,C
S1402,BIO110,B
S1402,MTH220,F
S1403,CSC101,F
S1403,BUS201,A
S1403,ENG150,B
S1403,BIO110,F
S1403,MTH220,B
S1404,CSC101,A
S1404,BUS201,C
S1404,ENG150,A
S1404,BIO110,C
S1404,MTH220,B
S1405,CSC101,C
S1405,BUS201,C
S1405,ENG150,D
S1405,BIO110,D
S1405,MTH220,C
S1406,CSC101,C
S1406,BUS201,F
S1406,ENG150,F
S1406,BIO110,A
S1406,MTH220,D
S1407,CSC101,C
S1407,BUS201,C
S1407,ENG150,C
S1407,BIO110,F
S1407,MTH220,C
S1408,CSC101,F
S1408,BUS201,D
S1408,ENG150,D
S1408,BIO110,B
S1408,MTH220,C
S1409,CSC101,F
S1409,BUS201,D
S1409,ENG150,A
S1409,BIO110,C
S1409,MTH220,F
S1410,CSC101,C
S1410,BUS201,A
S1410,ENG150,B
S1410,BIO110,B
S1410,MTH220,D
S1411,CSC101,A
S1411,BUS201,D
S1411,ENG150,C
S1411,BIO110,C
S1411,MTH220,D
S1412,CSC101,D
S1412,BUS201,F
S1412,ENG150,B
S1412,BIO110,F
S1412,MTH220,C
S1413,CSC101,D
S1413,BUS201,F
S1413,ENG150,F
S1413,BIO110,B
S1413,MTH220,D
S1414,CSC101,C
S1414,BUS201,B
S1414,ENG150,F
S1414,BIO110,C
S1414,MTH220,C
S1415,CSC101,A
S1415,BUS201,F
S1415,ENG150,D
S1415,BIO110,F
S1415,MTH220,F
S1416,CSC101,F
S1416,BUS201,F
S1416,ENG150,C
S1416,BIO110,B
S1416,MTH220,B
S1417,CSC101,A
S1417,BUS201,D
S1417,ENG150,B
S1417,BIO110,F
S1417,MTH220,B
S1418,CSC101,D
S1418,BUS201,A
S1418,ENG150,D
S1418,BIO110,B
S1418,MTH220,F
S1419,CSC101,B
S1419,BUS201,C
S1419,ENG150,C
S1419,BIO110,C
S1419,MTH220,A
S1420,CSC101,A
S1420,BUS201,B
S1420,ENG150,A
S1420,BIO110,B
S1420,MTH220,B
S1421,CSC101,D
S1421,BUS201,B
S1421,ENG150,D
S1421,BIO110,B
S1421,MTH220,F
S1422,CSC101,A
S1422,BUS201,D
S1422,ENG150,C
S1422,BIO110,B
S1422,MTH220,F
S1423,CSC101,D
S1423,BUS201,C
S1423,ENG150,F
S1423,BIO110,C
S1423,MTH220,C
S1424,CSC101,C
S1424,BUS201,B
S1424,ENG150,F
S1424,BIO110,D
S1424,MTH220,A
S1425,CSC101,B
S1425,BUS201,D
S1425,ENG150,F
S1425,BIO110,D
S1425,MTH220,D
S1426,CSC101,D
S1426,BUS201,A
S1426,ENG150,A
S1426,BIO110,D
S1426,MTH220,B
S1427,CSC101,A
S1427,BUS201,C
S1427,ENG150,A
S1427,BIO110,B
S1427,MTH220,C
S1428,CSC101,A
S1428,BUS201,F
S1428,ENG150,D
S1428,BIO110,B
S1428,MTH220,F
S1429,CSC101,D
S1429,BUS201,B
S1429,ENG150,D
S1429,BIO110,B
S1429,MTH220,D
S1430,CSC101,B
S1430,BUS201,A
S1430,ENG150,F
S1430,BIO110,C
S1430,MTH220,C
S1431,CSC101,C
S1431,BUS201,B
S1431,ENG150,D
S1431,BIO110,C
S1431,MTH220,D
S1432,CSC101,F
S1432,BUS201,D
S1432,ENG150,C
S1432,BIO110,C
S1432,MTH220,A
S1433,CSC101,F
S1433,BUS201,A
S1433,ENG150,B
S1433,BIO110,F
S1433,MTH220,B
S1434,CSC101,A
S1434,BUS201,A
S1434,ENG150,D
S1434,BIO110,C
S1434,MTH220,F
S1435,CSC101,F
S1435,BUS201,C
S1435,ENG150,B
S1435,BIO110,D
S1435,MTH220,C
S1436,CSC101,B
S1436,BUS201,D
S1436,ENG150,B
S1436,BIO110,A
S1436,MTH220,A
S1437,CSC101,F
S1437,BUS201,B
S1437,ENG150,F
S1437,BIO110,A
S1437,MTH220,A
S1438,CSC101,C
S1438,BUS201,C
S1438,ENG150,F
S1438,BIO110,F
S1438,MTH220,D
S1439,CSC101,F
S1439,BUS201,F
S1439,ENG150,F
S1439,BIO110,C
S1439,MTH220,A
S1440,CSC101,F
S1440,BUS201,D
S1440,ENG150,B
S1440,BIO110,D
S1440,MTH220,B
S1441,CSC101,C
S1441,BUS201,D
S1441,ENG150,B
S1441,BIO110,B
S1441,MTH220,F
S1442,CSC101,D
S1442,BUS201,D
S1442,ENG150,F
S1442,BIO110,D
S1442,MTH220,A
S1443,CSC101,D
S1443,BUS201,B
S1443,ENG150,A
S1443,BIO110,D
S1443,MTH220,C
S1444,CSC101,F
S1444,BUS201,B
S1444,ENG150,D
S1444,BIO110,A
S1444,MTH220,D
S1445,CSC101,A
S1445,BUS201,F
S1445,ENG150,C
S1445,BIO110,C
S1445,MTH220,A
S1446,CSC101,A
S1446,BUS201,C
S1446,ENG150,D
S1446,BIO110,A
S1446,MTH220,F
S1447,CSC101,A
S1447,BUS201,D
S1447,ENG150,D
S1447,BIO110,F
S1447,MTH220,F
S1448,CSC101,D
S1448,BUS201,B
S1448,ENG150,D
S1448,BIO110,D
S1448,MTH220,C
S1449,CSC101,B
S1449,BUS201,D
S1449,ENG150,D
S1449,BIO110,D
S1449,MTH220,C
S1450,CSC101,F
S1450,BUS201,F
S1450,ENG150,B
S1450,BIO110,F
S1450,MTH220,C
S1451,CSC101,F
S1451,BUS201,B
S1451,ENG150,F
S1451,BIO110,D
S1451,MTH220,A
S1452,CSC101,F
S1452,BUS201,F
S1452,ENG150,A
S1452,BIO110,C
S1452,MTH220,D
S1453,CSC101,C
S1453,BUS201,D
S1453,ENG150,C
S1453,BIO110,F
S1453,MTH220,C
S1454,CSC101,D
S1454,BUS201,C
S1454,ENG150,D
S1454,BIO110,D
S1454,MTH220,C
S1455,CSC101,A
S1455,BUS201,F
S1455,ENG150,D
S1455,BIO110,F
S1455,MTH220,F
S1456,CSC101,D
S1456,BUS201,A
S1456,ENG150,C
S1456,BIO110,A
S1456,MTH220,A
S1457,CSC101,F
S1457,BUS201,D
S1457,ENG150,C
S1457,BIO110,A
S1457,MTH220,B
S1458,CSC101,F
S1458,BUS201,F
S1458,ENG150,A
S1458,BIO110,B
S1458,MTH220,C
S1459,CSC101,D
S1459,BUS201,C
S1459,ENG150,B
S1459,BIO110,F
S1459,MTH220,F
S1460,CSC101,B
S1460,BUS201,F
S1460,ENG150,D
S1460,BIO110,B
S1460,MTH220,F
S1461,CSC101,A
S1461,BUS201,C
S1461,ENG150,C
S1461,BIO110,B
S1461,MTH220,B
S1462,CSC101,F
S1462,BUS201,B
S1462,ENG150,F
S1462,BIO110,D
S1462,MTH220,C
S1463,CSC101,D
S1463,BUS201,D
S1463,ENG150,F
S1463,BIO110,C
S1463,MTH220,B
S1464,CSC101,D
S1464,BUS201,F
S1464,ENG150,B
S1464,BIO110,F
S1464,MTH220,F
S1465,CSC101,B
S1465,BUS201,C
S1465,ENG150,A
S1465,BIO110,D
S1465,MTH220,D
S1466,CSC101,A
S1466,BUS201,C
S1466,ENG150,B
S1466,BIO110,B
S1466,MTH220,C
S1467,CSC101,F
S1467,BUS201,F
S1467,ENG150,B
S1467,BIO110,F
S1467,MTH220,B
S1468,CSC101,F
S1468,BUS201,D
S1468,ENG150,B
S1468,BIO110,A
S1468,MTH220,B
S1469,CSC101,D
S1469,BUS201,B
S1469,ENG150,D
S1469,BIO110,A
S1469,MTH220,C
S1470,CSC101,A
S1470,BUS201,F
S1470,ENG150,D
S1470,BIO110,D
S1470,MTH220,C
S1471,CSC101,D
S1471,BUS201,C
S1471,ENG150,B
S1471,BIO110,A
S1471,MTH220,A
S1472,CSC101,F
S1472,BUS201,B
S1472,ENG150,B
S1472,BIO110,F
S1472,MTH220,D
S1473,CSC101,A
S1473,BUS201,A
S1473,ENG150,F
S1473,BIO110,D
S1473,MTH220,C
S1474,CSC101,C
S1474,BUS201,C
S1474,ENG150,F
S1474,BIO110,D
S1474,MTH220,B
S1475,CSC101,D
S1475,BUS201,B
S1475,ENG150,C
S1475,BIO110,C
S1475,MTH220,B
S1476,CSC101,A
S1476,BUS201,D
S1476,ENG150,B
S1476,BIO110,A
S1476,MTH220,C
S1477,CSC101,F
S1477,BUS201,B
S1477,ENG150,A
S1477,BIO110,A
S1477,MTH220,C
S1478,CSC101,D
S1478,BUS201,B
S1478,ENG150,C
S1478,BIO110,C
S1478,MTH220,F
S1479,CSC101,A
S1479,BUS201,B
S1479,ENG150,C
S1479,BIO110,D
S1479,MTH220,D
S1480,CSC101,F
S1480,BUS201,C
S1480,ENG150,D
S1480,BIO110,A
S1480,MTH220,B
S1481,CSC101,D
S1481,BUS201,D
S1481,ENG150,A
S1481,BIO110,F
S1481,MTH220,D
S1482,CSC101,A
S1482,BUS201,A
S1482,ENG150,F
S1482,BIO110,A
S1482,MTH220,C
S1483,CSC101,B
S1483,BUS201,D
S1483,ENG150,A
S1483,BIO110,B
S1483,MTH220,D
S1484,CSC101,C
S1484,BUS201,F
S1484,ENG150,A
S1484,BIO110,D
S1484,MTH220,F
S1485,CSC101,C
S1485,BUS201,A
S1485,ENG150,F
S1485,BIO110,B
S1485,MTH220,B
S1486,CSC101,A
S1486,BUS201,F
S1486,ENG150,C
S1486,BIO110,F
S1486,MTH220,D
S1487,CSC101,B
S1487,BUS201,B
S1487,ENG150,F
S1487,BIO110,D
S1487,MTH220,D
S1488,CSC101,D
S1488,BUS201,B
S1488,ENG150,B
S1488,BIO110,D
S1488,MTH220,D
S1489,CSC101,F
S1489,BUS201,A
S1489,ENG150,C
S1489,BIO110,C
S1489,MTH220,D
S1490,CSC101,A
S1490,BUS201,F
S1490,ENG150,B
S1490,BIO110,D
S1490,MTH220,D
S1491,CSC101,C
S1491,BUS201,B
S1491,ENG150,F
S1491,BIO110,A
S1491,MTH220,F
S1492,CSC101,A
S1492,BUS201,A
S1492,ENG150,C
S1492,BIO110,D
S1492,MTH220,C
S1493,CSC101,D
S1493,BUS201,D
S1493,ENG150,C
S1493,BIO110,F
S1493,MTH220,B
S1494,CSC101,F
S1494,BUS201,D
S1494,ENG150,D
S1494,BIO110,F
S1494,MTH220,C
S1495,CSC101,C
S1495,BUS201,D
S1495,ENG150,F
S1495,BIO110,D
S1495,MTH220,D
S1496,CSC101,C
S1496,BUS201,A
S1496,ENG150,A
S1496,BIO110,F
S1496,MTH220,A
S1497,CSC101,F
S1497,BUS201,A
S1497,ENG150,A
S1497,BIO110,B
S1497,MTH220,F
S1498,CSC101,A
S1498,BUS201,B
S1498,ENG150,B
S1498,BIO110,C
S1498,MTH220,B
S1499,CSC101,C
S1499,BUS201,D
S1499,ENG150,A
S1499,BIO110,B
S1499,MTH220,F
S1500,CSC101,B
S1500,BUS201,F
S1500,ENG150,D
S1500,BIO110,A
S1500,MTH220,B
S1501,CSC101,B
S1501,BUS201,D
S1501,ENG150,F
S1501,BIO110,D
S1501,MTH220,D
S1502,CSC101,C
S1502,BUS201,D
S1502,ENG150,C
S1502,BIO110,A
S1502,MTH220,B
S1503,CSC101,C
S1503,BUS201,A
S1503,ENG150,F
S1503,BIO110,C
S1503,MTH220,F
S1504,CSC101,A
S1504,BUS201,A
S1504,ENG150,A
S1504,BIO110,B
S1504,MTH220,B
S1505,CSC101,D
S1505,BUS201,C
S1505,ENG150,B
S1505,BIO110,A
S1505,MTH220,B
S1506,CSC101,F
S1506,BUS201,A
S1506,ENG150,C
S1506,BIO110,A
S1506,MTH220,C
S1507,CSC101,D
S1507,BUS201,F
S1507,ENG150,F
S1507,BIO110,F
S1507,MTH220,F
S1508,CSC101,A
S1508,BUS201,D
S1508,ENG150,C
S1508,BIO110,D
S1508,MTH220,C
S1509,CSC101,B
S1509,BUS201,C
S1509,ENG150,B
S1509,BIO110,A
S1509,MTH220,B
S1510,CSC101,F
S1510,BUS201,B
S1510,ENG150,D
S1510,BIO110,C
S1510,MTH220,C
S1511,CSC101,C
S1511,BUS201,D
S1511,ENG150,D
S1511,BIO110,A
S1511,MTH220,B
S1512,CSC101,B
S1512,BUS201,D
S1512,ENG150,C
S1512,BIO110,A
S1512,MTH220,A
S1513,CSC101,C
S1513,BUS201,D
S1513,ENG150,F
S1513,BIO110,C
S1513,MTH220,C
S1514,CSC101,A
S1514,BUS201,A
S1514,ENG150,A
S1514,BIO110,F
S1514,MTH220,A
S1515,CSC101,A
S1515,BUS201,A
S1515,ENG150,F
S1515,BIO110,B
S1515,MTH220,B
S1516,CSC101,D
S1516,BUS201,F
S1516,ENG150,B
S1516,BIO110,B
S1516,MTH220,F
S1517,CSC101,A
S1517,BUS201,B
S1517,ENG150,C
S1517,BIO110,B
S1517,MTH220,B
S1518,CSC101,C
S1518,BUS201,F
S1518,ENG150,A
S1518,BIO110,C
S1518,MTH220,D
S1519,CSC101,A
S1519,BUS201,F
S1519,ENG150,C
S1519,BIO110,B
S1519,MTH220,D
S1520,CSC101,C
S1520,BUS201,D
S1520,ENG150,B
S1520,BIO110,B
S1520,MTH220,D
S1521,CSC101,C
S1521,BUS201,D
S1521,ENG150,B
S1521,BIO110,C
S1521,MTH220,F
S1522,CSC101,D
S1522,BUS201,B
S1522,ENG150,F
S1522,BIO110,C
S1522,MTH220,F
S1523,CSC101,F
S1523,BUS201,D
S1523,ENG150,F
S1523,BIO110,B
S1523,MTH220,B
S1524,CSC101,C
S1524,BUS201,C
S1524,ENG150,F
S1524,BIO110,A
S1524,MTH220,C
S1525,CSC101,F
S1525,BUS201,C
S1525,ENG150,F
S1525,BIO110,B
S1525,MTH220,B
S1526,CSC101,D
S1526,BUS201,C
S1526,ENG150,C
S1526,BIO110,C
S1526,MTH220,A
S1527,CSC101,F
S1527,BUS201,F
S1527,ENG150,A
S1527,BIO110,F
S1527,MTH220,D
S1528,CSC101,D
S1528,BUS201,D
S1528,ENG150,D
S1528,BIO110,F
S1528,MTH220,C
S1529,CSC101,D
S1529,BUS201,B
S1529,ENG150,A
S1529,BIO110,D
S1529,MTH220,C
S1530,CSC101,A
S1530,BUS201,F
S1530,ENG150,B
S1530,BIO110,A
S1530,MTH220,B
S1531,CSC101,D
S1531,BUS201,C
S1531,ENG150,D
S1531,BIO110,A
S1531,MTH220,B
S1532,CSC101,C
S1532,BUS201,A
S1532,ENG150,A
S1532,BIO110,F
S1532,MTH220,A
S1533,CSC101,A
S1533,BUS201,B
S1533,ENG150,C
S1533,BIO110,D
S1533,MTH220,F
S1534,CSC101,B
S1534,BUS201,F
S1534,ENG150,D
S1534,BIO110,D
S1534,MTH220,A
S1535,CSC101,B
S1535,BUS201,A
S1535,ENG150,A
S1535,BIO110,B
S1535,MTH220,C
S1536,CSC101,A
S1536,BUS201,A
S1536,ENG150,A
S1536,BIO110,F
S1536,MTH220,F
S1537,CSC101,C
S1537,BUS201,D
S1537,ENG150,C
S1537,BIO110,C
S1537,MTH220,D
S1538,CSC101,F
S1538,BUS201,F
S1538,ENG150,D
S1538,BIO110,C
S1538,MTH220,F
S1539,CSC101,D
S1539,BUS201,D
S1539,ENG150,B
S1539,BIO110,B
S1539,MTH220,F
S1540,CSC101,F
S1540,BUS201,B
S1540,ENG150,C
S1540,BIO110,F
S1540,MTH220,A
S1541,CSC101,B
S1541,BUS201,A
S1541,ENG150,A
S1541,BIO110,F
S1541,MTH220,C
S1542,CSC101,F
S1542,BUS201,D
S1542,ENG150,B
S1542,BIO110,F
S1542,MTH220,B
S1543,CSC101,D
S1543,BUS201,B
S1543,ENG150,B
S1543,BIO110,A
S1543,MTH220,A
S1544,CSC101,D
S1544,BUS201,D
S1544,ENG150,D
S1544,BIO110,B
S1544,MTH220,A
S1545,CSC101,F
S1545,BUS201,B
S1545,ENG150,D
S1545,BIO110,B
S1545,MTH220,C
S1546,CSC101,D
S1546,BUS201,C
S1546,ENG150,F
S1546,BIO110,B
S1546,MTH220,D
S1547,CSC101,D
S1547,BUS201,A
S1547,ENG150,F
S1547,BIO110,C
S1547,MTH220,A
S1548,CSC101,C
S1548,BUS201,F
S1548,ENG150,F
S1548,BIO110,F
S1548,MTH220,F
S1549,CSC101,B
S1549,BUS201,A
S1549,ENG150,A
S1549,BIO110,B
S1549,MTH220,D
S1550,CSC101,B
S1550,BUS201,C
S1550,ENG150,F
S1550,BIO110,D
S1550,MTH220,C
S1551,CSC101,A
S1551,BUS201,F
S1551,ENG150,D
S1551,BIO110,B
S1551,MTH220,C
S1552,CSC101,C
S1552,BUS201,B
S1552,ENG150,C
S1552,BIO110,B
S1552,MTH220,F
S1553,CSC101,C
S1553,BUS201,A
S1553,ENG150,F
S1553,BIO110,C
S1553,MTH220,A
S1554,CSC101,A
S1554,BUS201,A
S1554,ENG150,A
S1554,BIO110,F
S1554,MTH220,D
S1555,CSC101,F
S1555,BUS201,B
S1555,ENG150,B
S1555,BIO110,D
S1555,MTH220,A
S1556,CSC101,C
S1556,BUS201,B
S1556,ENG150,F
S1556,BIO110,D
S1556,MTH220,B
S1557,CSC101,C
S1557,BUS201,C
S1557,ENG150,A
S1557,BIO110,D
S1557,MTH220,B
S1558,CSC101,D
S1558,BUS201,F
S1558,ENG150,C
S1558,BIO110,F
S1558,MTH220,D
S1559,CSC101,A
S1559,BUS201,A
S1559,ENG150,D
S1559,BIO110,B
S1559,MTH220,C
S1560,CSC101,C
S1560,BUS201,B
S1560,ENG150,D
S1560,BIO110,D
S1560,MTH220,F
S1561,CSC101,C
S1561,BUS201,A
S1561,ENG150,F
S1561,BIO110,B
S1561,MTH220,B
S1562,CSC101,B
S1562,BUS201,C
S1562,ENG150,D
S1562,BIO110,C
S1562,MTH220,F
S1563,CSC101,D
S1563,BUS201,B
S1563,ENG150,F
S1563,BIO110,F
S1563,MTH220,F
S1564,CSC101,B
S1564,BUS201,D
S1564,ENG150,D
S1564,BIO110,F
S1564,MTH220,D
S1565,CSC101,D
S1565,BUS201,C
S1565,ENG150,A
S1565,BIO110,F
S1565,MTH220,B
S1566,CSC101,F
S1566,BUS201,C
S1566,ENG150,F
S1566,BIO110,A
S1566,MTH220,A
S1567,CSC101,C
S1567,BUS201,B
S1567,ENG150,A
S1567,BIO110,A
S1567,MTH220,B
S1568,CSC101,A
S1568,BUS201,A
S1568,ENG150,C
S1568,BIO110,C
S1568,MTH220,F
S1569,CSC101,F
S1569,BUS201,A
S1569,ENG150,C
S1569,BIO110,D
S1569,MTH220,D
S1570,CSC101,D
S1570,BUS201,F
S1570,ENG150,B
S1570,BIO110,D
S1570,MTH220,A
S1571,CSC101,C
S1571,BUS201,D
S1571,ENG150,D
S1571,BIO110,D
S1571,MTH220,A
S1572,CSC101,C
S1572,BUS201,C
S1572,ENG150,F
S1572,BIO110,D
S1572,MTH220,B
S1573,CSC101,D
S1573,BUS201,D
S1573,ENG150,C
S1573,BIO110,C
S1573,MTH220,C
S1574,CSC101,C
S1574,BUS201,D
S1574,ENG150,B
S1574,BIO110,C
S1574,MTH220,B
S1575,CSC101,A
S1575,BUS201,B
S1575,ENG150,A
S1575,BIO110,D
S1575,MTH220,C
S1576,CSC101,D
S1576,BUS201,C
S1576,ENG150,C
S1576,BIO110,F
S1576,MTH220,B
S1577,CSC101,C
S1577,BUS201,C
S1577,ENG150,D
S1577,BIO110,F
S1577,MTH220,F
S1578,CSC101,A
S1578,BUS201,C
S1578,ENG150,F
S1578,BIO110,A
S1578,MTH220,B
S1579,CSC101,F
S1579,BUS201,B
S1579,ENG150,A
S1579,BIO110,F
S1579,MTH220,C
S1580,CSC101,D
S1580,BUS201,F
S1580,ENG150,C
S1580,BIO110,A
S1580,MTH220,B
S1581,CSC101,B
S1581,BUS201,B
S1581,ENG150,C
S1581,BIO110,A
S1581,MTH220,D
S1582,CSC101,B
S1582,BUS201,B
S1582,ENG150,B
S1582,BIO110,D
S1582,MTH220,A
S1583,CSC101,C
S1583,BUS201,B
S1583,ENG150,A
S1583,BIO110,D
S1583,MTH220,F
S1584,CSC101,C
S1584,BUS201,D
S1584,ENG150,C
S1584,BIO110,F
S1584,MTH220,D
S1585,CSC101,C
S1585,BUS201,F
S1585,ENG150,C
S1585,BIO110,F
S1585,MTH220,A
S1586,CSC101,B
S1586,BUS201,C
S1586,ENG150,F
S1586,BIO110,D
S1586,MTH220,B
S1587,CSC101,D
S1587,BUS201,A
S1587,ENG150,B
S1587,BIO110,A
S1587,MTH220,D
S1588,CSC101,B
S1588,BUS201,D
S1588,ENG150,F
S1588,BIO110,A
S1588,MTH220,C
S1589,CSC101,C
S1589,BUS201,A
S1589,ENG150,B
S1589,BIO110,A
S1589,MTH220,F
S1590,CSC101,B
S1590,BUS201,D
S1590,ENG150,B
S1590,BIO110,F
S1590,MTH220,B
S1591,CSC101,A
S1591,BUS201,A
S1591,ENG150,F
S1591,BIO110,A
S1591,MTH220,C
S1592,CSC101,C
S1592,BUS201,F
S1592,ENG150,A
S1592,BIO110,C
S1592,MTH220,B
S1593,CSC101,C
S1593,BUS201,C
S1593,ENG150,F
S1593,BIO110,A
S1593,MTH220,F
S1594,CSC101,D
S1594,BUS201,C
S1594,ENG150,B
S1594,BIO110,F
S1594,MTH220,F
S1595,CSC101,D
S1595,BUS201,F
S1595,ENG150,F
S1595,BIO110,D
S1595,MTH220,A
S1596,CSC101,B
S1596,BUS201,D
S1596,ENG150,F
S1596,BIO110,C
S1596,MTH220,D
S1597,CSC101,A
S1597,BUS201,C
S1597,ENG150,B
S1597,BIO110,F
S1597,MTH220,C
S1598,CSC101,A
S1598,BUS201,C
S1598,ENG150,C
S1598,BIO110,B
S1598,MTH220,F
S1599,CSC101,B
S1599,BUS201,A
S1599,ENG150,B
S1599,BIO110,A
S1599,MTH220,F
S1600,CSC101,C
S1600,BUS201,F
S1600,ENG150,F
S1600,BIO110,F
S1600,MTH220,D
S1601,CSC101,C
S1601,BUS201,D
S1601,ENG150,B
S1601,BIO110,B
S1601,MTH220,D
S1602,CSC101,F
S1602,BUS201,A
S1602,ENG150,B
S1602,BIO110,D
S1602,MTH220,D
S1603,CSC101,C
S1603,BUS201,A
S1603,ENG150,C
S1603,BIO110,D
S1603,MTH220,D
S1604,CSC101,C
S1604,BUS201,F
S1604,ENG150,F
S1604,BIO110,C
S1604,MTH220,D
S1605,CSC101,D
S1605,BUS201,C
S1605,ENG150,C
S1605,BIO110,C
S1605,MTH220,B
S1606,CSC101,B
S1606,BUS201,B
S1606,ENG150,B
S1606,BIO110,A
S1606,MTH220,B
S1607,CSC101,A
S1607,BUS201,C
S1607,ENG150,A
S1607,BIO110,B
S1607,MTH220,A
S1608,CSC101,F
S1608,BUS201,C
S1608,ENG150,F
S1608,BIO110,F
S1608,MTH220,F
S1609,CSC101,B
S1609,BUS201,D
S1609,ENG150,A
S1609,BIO110,F
S1609,MTH220,F
S1610,CSC101,D
S1610,BUS201,C
S1610,ENG150,A
S1610,BIO110,B
S1610,MTH220,A
S1611,CSC101,D
S1611,BUS201,C
S1611,ENG150,C
S1611,BIO110,B
S1611,MTH220,F
S1612,CSC101,A
S1612,BUS201,D
S1612,ENG150,D
S1612,BIO110,B
S1612,MTH220,C
S1613,CSC101,B
S1613,BUS201,D
S1613,ENG150,F
S1613,BIO110,B
S1613,MTH220,B
S1614,CSC101,C
S1614,BUS201,D
S1614,ENG150,C
S1614,BIO110,A
S1614,MTH220,F
S1615,CSC101,F
S1615,BUS201,A
S1615,ENG150,F
S1615,BIO110,A
S1615,MTH220,A
S1616,CSC101,B
S1616,BUS201,A
S1616,ENG150,A
S1616,BIO110,A
S1616,MTH220,B
S1617,CSC101,D
S1617,BUS201,B
S1617,ENG150,A
S1617,BIO110,A
S1617,MTH220,B
S1618,CSC101,C
S1618,BUS201,D
S1618,ENG150,F
S1618,BIO110,F
S1618,MTH220,F
S1619,CSC101,B
S1619,BUS201,A
S1619,ENG150,D
S1619,BIO110,D
S1619,MTH220,F
S1620,CSC101,A
S1620,BUS201,B
S1620,ENG150,A
S1620,BIO110,A
S1620,MTH220,D
S1621,CSC101,B
S1621,BUS201,A
S1621,ENG150,F
S1621,BIO110,D
S1621,MTH220,C
S1622,CSC101,A
S1622,BUS201,D
S1622,ENG150,B
S1622,BIO110,A
S1622,MTH220,F
S1623,CSC101,B
S1623,BUS201,D
S1623,ENG150,A
S1623,BIO110,C
S1623,MTH220,B
S1624,CSC101,C
S1624,BUS201,A
S1624,ENG150,D
S1624,BIO110,A
S1624,MTH220,B
S1625,CSC101,A
S1625,BUS201,D
S1625,ENG150,B
S1625,BIO110,A
S1625,MTH220,F
S1626,CSC101,F
S1626,BUS201,D
S1626,ENG150,C
S1626,BIO110,F
S1626,MTH220,C
S1627,CSC101,A
S1627,BUS201,A
S1627,ENG150,F
S1627,BIO110,B
S1627,MTH220,B
S1628,CSC101,B
S1628,BUS201,B
S1628,ENG150,B
S1628,BIO110,F
S1628,MTH220,C
S1629,CSC101,D
S1629,BUS201,F
S1629,ENG150,D
S1629,BIO110,C
S1629,MTH220,A
S1630,CSC101,D
S1630,BUS201,A
S1630,ENG150,A
S1630,BIO110,D
S1630,MTH220,C
S1631,CSC101,A
S1631,BUS201,F
S1631,ENG150,D
S1631,BIO110,D
S1631,MTH220,A
S1632,CSC101,F
S1632,BUS201,F
S1632,ENG150,C
S1632,BIO110,B
S1632,MTH220,A
S1633,CSC101,A
S1633,BUS201,D
S1633,ENG150,C
S1633,BIO110,D
S1633,MTH220,B
S1634,CSC101,B
S1634,BUS201,C
S1634,ENG150,C
S1634,BIO110,F
S1634,MTH220,B
S1635,CSC101,A
S1635,BUS201,F
S1635,ENG150,A
S1635,BIO110,A
S1635,MTH220,F
S1636,CSC101,C
S1636,BUS201,A
S1636,ENG150,A
S1636,BIO110,B
S1636,MTH220,A
S1637,CSC101,B
S1637,BUS201,D
S1637,ENG150,D
S1637,BIO110,D
S1637,MTH220,B
S1638,CSC101,C
S1638,BUS201,F
S1638,ENG150,B
S1638,BIO110,B
S1638,MTH220,B
S1639,CSC101,A
S1639,BUS201,A
S1639,ENG150,B
S1639,BIO110,A
S1639,MTH220,F
S1640,CSC101,B
S1640,BUS201,B
S1640,ENG150,A
S1640,BIO110,F
S1640,MTH220,B
S1641,CSC101,F
S1641,BUS201,B
S1641,ENG150,A
S1641,BIO110,D
S1641,MTH220,B
S1642,CSC101,B
S1642,BUS201,B
S1642,ENG150,A
S1642,BIO110,B
S1642,MTH220,B
S1643,CSC101,C
S1643,BUS201,C
S1643,ENG150,C
S1643,BIO110,A
S1643,MTH220,B
S1644,CSC101,C
S1644,BUS201,C
S1644,ENG150,F
S1644,BIO110,A
S1644,MTH220,C
S1645,CSC101,C
S1645,BUS201,C
S1645,ENG150,B
S1645,BIO110,B
S1645,MTH220,D
S1646,CSC101,F
S1646,BUS201,F
S1646,ENG150,C
S1646,BIO110,D
S1646,MTH220,C
S1647,CSC101,F
S1647,BUS201,C
S1647,ENG150,C
S1647,BIO110,C
S1647,MTH220,D
S1648,CSC101,F
S1648,BUS201,D
S1648,ENG150,C
S1648,BIO110,A
S1648,MTH220,F
S1649,CSC101,C
S1649,BUS201,D
S1649,ENG150,F
S1649,BIO110,A
S1649,MTH220,D
S1650,CSC101,F
S1650,BUS201,F
S1650,ENG150,D
S1650,BIO110,C
S1650,MTH220,C
S1651,CSC101,C
S1651,BUS201,D
S1651,ENG150,A
S1651,BIO110,B
S1651,MTH220,F
S1652,CSC101,F
S1652,BUS201,D
S1652,ENG150,A
S1652,BIO110,A
S1652,MTH220,D
S1653,CSC101,D
S1653,BUS201,F
S1653,ENG150,D
S1653,BIO110,D
S1653,MTH220,B
S1654,CSC101,F
S1654,BUS201,F
S1654,ENG150,D
S1654,BIO110,C
S1654,MTH220,F
S1655,CSC101,A
S1655,BUS201,B
S1655,ENG150,C
S1655,BIO110,F
S1655,MTH220,A
S1656,CSC101,F
S1656,BUS201,C
S1656,ENG150,C
S1656,BIO110,B
S1656,MTH220,C
S1657,CSC101,D
S1657,BUS201,D
S1657,ENG150,F
S1657,BIO110,C
S1657,MTH220,F
S1658,CSC101,D
S1658,BUS201,D
S1658,ENG150,C
S1658,BIO110,A
S1658,MTH220,B
S1659,CSC101,F
S1659,BUS201,D
S1659,ENG150,B
S1659,BIO110,C
S1659,MTH220,F
S1660,CSC101,D
S1660,BUS201,D
S1660,ENG150,A
S1660,BIO110,D
S1660,MTH220,A
S1661,CSC101,D
S1661,BUS201,F
S1661,ENG150,D
S1661,BIO110,B
S1661,MTH220,C
S1662,CSC101,D
S1662,BUS201,C
S1662,ENG150,F
S1662,BIO110,A
S1662,MTH220,B
S1663,CSC101,C
S1663,BUS201,C
S1663,ENG150,D
S1663,BIO110,F
S1663,MTH220,A
S1664,CSC101,F
S1664,BUS201,F
S1664,ENG150,C
S1664,BIO110,D
S1664,MTH220,A
S1665,CSC101,F
S1665,BUS201,F
S1665,ENG150,D
S1665,BIO110,F
S1665,MTH220,A
S1666,CSC101,F
S1666,BUS201,B
S1666,ENG150,C
S1666,BIO110,A
S1666,MTH220,B
S1667,CSC101,C
S1667,BUS201,B
S1667,ENG150,D
S1667,BIO110,D
S1667,MTH220,D
S1668,CSC101,C
S1668,BUS201,F
S1668,ENG150,B
S1668,BIO110,B
S1668,MTH220,A
S1669,CSC101,F
S1669,BUS201,D
S1669,ENG150,A
S1669,BIO110,F
S1669,MTH220,F
S1670,CSC101,C
S1670,BUS201,C
S1670,ENG150,D
S1670,BIO110,B
S1670,MTH220,D
S1671,CSC101,F
S1671,BUS201,A
S1671,ENG150,D
S1671,BIO110,B
S1671,MTH220,C
S1672,CSC101,F
S1672,BUS201,B
S1672,ENG150,F
S1672,BIO110,C
S1672,MTH220,A
S1673,CSC101,B
S1673,BUS201,B
S1673,ENG150,F
S1673,BIO110,D
S1673,MTH220,B
S1674,CSC101,F
S1674,BUS201,F
S1674,ENG150,C
S1674,BIO110,B
S1674,MTH220,F
S1675,CSC101,A
S1675,BUS201,D
S1675,ENG150,F
S1675,BIO110,D
S1675,MTH220,C
S1676,CSC101,F
S1676,BUS201,D
S1676,ENG150,C
S1676,BIO110,B
S1676,MTH220,D
S1677,CSC101,D
S1677,BUS201,B
S1677,ENG150,C
S1677,BIO110,D
S1677,MTH220,A
S1678,CSC101,F
S1678,BUS201,A
S1678,ENG150,B
S1678,BIO110,D
S1678,MTH220,A
S1679,CSC101,A
S1679,BUS201,A
S1679,ENG150,B
S1679,BIO110,A
S1679,MTH220,A
S1680,CSC101,B
S1680,BUS201,A
S1680,ENG150,F
S1680,BIO110,F
S1680,MTH220,B
S1681,CSC101,A
S1681,BUS201,C
S1681,ENG150,C
S1681,BIO110,A
S1681,MTH220,A
S1682,CSC101,C
S1682,BUS201,B
S1682,ENG150,F
S1682,BIO110,D
S1682,MTH220,C
S1683,CSC101,B
S1683,BUS201,A
S1683,ENG150,C
S1683,BIO110,A
S1683,MTH220,D
S1684,CSC101,C
S1684,BUS201,C
S1684,ENG150,A
S1684,BIO110,B
S1684,MTH220,C
S1685,CSC101,A
S1685,BUS201,D
S1685,ENG150,A
S1685,BIO110,A
S1685,MTH220,A
S1686,CSC101,B
S1686,BUS201,A
S1686,ENG150,B
S1686,BIO110,A
S1686,MTH220,A
S1687,CSC101,C
S1687,BUS201,C
S1687,ENG150,F
S1687,BIO110,A
S1687,MTH220,A
S1688,CSC101,A
S1688,BUS201,A
S1688,ENG150,A
S1688,BIO110,F
S1688,MTH220,D
S1689,CSC101,A
S1689,BUS201,B
S1689,ENG150,F
S1689,BIO110,F
S1689,MTH220,A
S1690,CSC101,A
S1690,BUS201,B
S1690,ENG150,F
S1690,BIO110,C
S1690,MTH220,D
S1691,CSC101,D
S1691,BUS201,D
S1691,ENG150,F
S1691,BIO110,C
S1691,MTH220,C
S1692,CSC101,C
S1692,BUS201,C
S1692,ENG150,F
S1692,BIO110,D
S1692,MTH220,B
S1693,CSC101,F
S1693,BUS201,F
S1693,ENG150,F
S1693,BIO110,D
S1693,MTH220,D
S1694,CSC101,F
S1694,BUS201,A
S1694,ENG150,A
S1694,BIO110,D
S1694,MTH220,D
S1695,CSC101,D
S1695,BUS201,D
S1695,ENG150,A
S1695,BIO110,F
S1695,MTH220,C
S1696,CSC101,D
S1696,BUS201,C
S1696,ENG150,A
S1696,BIO110,A
S1696,MTH220,B
S1697,CSC101,A
S1697,BUS201,F
S1697,ENG150,C
S1697,BIO110,B
S1697,MTH220,C
S1698,CSC101,D
S1698,BUS201,D
S1698,ENG150,C
S1698,BIO110,A
S1698,MTH220,B
S1699,CSC101,C
S1699,BUS201,B
S1699,ENG150,A
S1699,BIO110,B
S1699,MTH220,D
S1700,CSC101,A
S1700,BUS201,B
S1700,ENG150,C
S1700,BIO110,F
S1700,MTH220,A
S1701,CSC101,A
S1701,BUS201,A
S1701,ENG150,C
S1701,BIO110,D
S1701,MTH220,A
S1702,CSC101,A
S1702,BUS201,A
S1702,ENG150,D
S1702,BIO110,D
S1702,MTH220,C
S1703,CSC101,A
S1703,BUS201,C
S1703,ENG150,C
S1703,BIO110,A
S1703,MTH220,A
S1704,CSC101,F
S1704,BUS201,B
S1704,ENG150,B
S1704,BIO110,A
S1704,MTH220,C
S1705,CSC101,A
S1705,BUS201,D
S1705,ENG150,C
S1705,BIO110,F
S1705,MTH220,A
S1706,CSC101,F
S1706,BUS201,C
S1706,ENG150,F
S1706,BIO110,A
S1706,MTH220,D
S1707,CSC101,C
S1707,BUS201,D
S1707,ENG150,B
S1707,BIO110,C
S1707,MTH220,B
S1708,CSC101,A
S1708,BUS201,C
S1708,ENG150,A
S1708,BIO110,A
S1708,MTH220,D
S1709,CSC101,A
S1709,BUS201,C
S1709,ENG150,A
S1709,BIO110,D
S1709,MTH220,D
S1710,CSC101,D
S1710,BUS201,A
S1710,ENG150,B
S1710,BIO110,C
S1710,MTH220,D
S1711,CSC101,B
S1711,BUS201,A
S1711,ENG150,F
S1711,BIO110,A
S1711,MTH220,F
S1712,CSC101,D
S1712,BUS201,F
S1712,ENG150,B
S1712,BIO110,C
S1712,MTH220,D
S1713,CSC101,B
S1713,BUS201,B
S1713,ENG150,F
S1713,BIO110,D
S1713,MTH220,D
S1714,CSC101,C
S1714,BUS201,C
S1714,ENG150,B
S1714,BIO110,D
S1714,MTH220,D
S1715,CSC101,D
S1715,BUS201,F
S1715,ENG150,D
S1715,BIO110,B
S1715,MTH220,F
S1716,CSC101,C
S1716,BUS201,F
S1716,ENG150,B
S1716,BIO110,F
S1716,MTH220,D
S1717,CSC101,D
S1717,BUS201,F
S1717,ENG150,F
S1717,BIO110,C
S1717,MTH220,D
S1718,CSC101,F
S1718,BUS201,D
S1718,ENG150,A
S1718,BIO110,F
S1718,MTH220,C
S1719,CSC101,F
S1719,BUS201,A
S1719,ENG150,D
S1719,BIO110,F
S1719,MTH220,B
S1720,CSC101,F
S1720,BUS201,B
S1720,ENG150,B
S1720,BIO110,D
S1720,MTH220,C
S1721,CSC101,B
S1721,BUS201,B
S1721,ENG150,F
S1721,BIO110,B
S1721,MTH220,A
S1722,CSC101,A
S1722,BUS201,B
S1722,ENG150,D
S1722,BIO110,D
S1722,MTH220,B
S1723,CSC101,D
S1723,BUS201,B
S1723,ENG150,D
S1723,BIO110,C
S1723,MTH220,F
S1724,CSC101,A
S1724,BUS201,F
S1724,ENG150,F
S1724,BIO110,C
S1724,MTH220,F
S1725,CSC101,A
S1725,BUS201,C
S1725,ENG150,C
S1725,BIO110,A
S1725,MTH220,A
S1726,CSC101,F
S1726,BUS201,F
S1726,ENG150,F
S1726,BIO110,F
S1726,MTH220,C
S1727,CSC101,F
S1727,BUS201,A
S1727,ENG150,A
S1727,BIO110,B
S1727,MTH220,A
S1728,CSC101,C
S1728,BUS201,A
S1728,ENG150,C
S1728,BIO110,C
S1728,MTH220,C
S1729,CSC101,A
S1729,BUS201,C
S1729,ENG150,C
S1729,BIO110,C
S1729,MTH220,D
S1730,CSC101,F
S1730,BUS201,F
S1730,ENG150,F
S1730,BIO110,F
S1730,MTH220,C
S1731,CSC101,D
S1731,BUS201,F
S1731,ENG150,D
S1731,BIO110,F
S1731,MTH220,B
S1732,CSC101,C
S1732,BUS201,C
S1732,ENG150,F
S1732,BIO110,C
S1732,MTH220,F
S1733,CSC101,A
S1733,BUS201,A
S1733,ENG150,F
S1733,BIO110,B
S1733,MTH220,A
S1734,CSC101,A
S1734,BUS201,C
S1734,ENG150,F
S1734,BIO110,C
S1734,MTH220,C
S1735,CSC101,A
S1735,BUS201,C
S1735,ENG150,F
S1735,BIO110,B
S1735,MTH220,C
S1736,CSC101,B
S1736,BUS201,C
S1736,ENG150,F
S1736,BIO110,C
S1736,MTH220,D
S1737,CSC101,A
S1737,BUS201,C
S1737,ENG150,F
S1737,BIO110,B
S1737,MTH220,A
S1738,CSC101,B
S1738,BUS201,B
S1738,ENG150,C
S1738,BIO110,D
S1738,MTH220,C
S1739,CSC101,F
S1739,BUS201,D
S1739,ENG150,B
S1739,BIO110,D
S1739,MTH220,C
S1740,CSC101,C
S1740,BUS201,C
S1740,ENG150,C
S1740,BIO110,F
S1740,MTH220,B
S1741,CSC101,D
S1741,BUS201,A
S1741,ENG150,B
S1741,BIO110,B
S1741,MTH220,A
S1742,CSC101,A
S1742,BUS201,C
S1742,ENG150,F
S1742,BIO110,B
S1742,MTH220,C
S1743,CSC101,F
S1743,BUS201,D
S1743,ENG150,B
S1743,BIO110,F
S1743,MTH220,D
S1744,CSC101,F
S1744,BUS201,A
S1744,ENG150,F
S1744,BIO110,B
S1744,MTH220,D
S1745,CSC101,C
S1745,BUS201,C
S1745,ENG150,B
S1745,BIO110,D
S1745,MTH220,D
S1746,CSC101,C
S1746,BUS201,F
S1746,ENG150,C
S1746,BIO110,C
S1746,MTH220,D
S1747,CSC101,C
S1747,BUS201,B
S1747,ENG150,F
S1747,BIO110,F
S1747,MTH220,B
S1748,CSC101,A
S1748,BUS201,C
S1748,ENG150,B
S1748,BIO110,B
S1748,MTH220,A
S1749,CSC101,D
S1749,BUS201,C
S1749,ENG150,C
S1749,BIO110,C
S1749,MTH220,B
S1750,CSC101,C
S1750,BUS201,D
S1750,ENG150,A
S1750,BIO110,B
S1750,MTH220,A
S1751,CSC101,B
S1751,BUS201,B
S1751,ENG150,D
S1751,BIO110,F
S1751,MTH220,C
S1752,CSC101,B
S1752,BUS201,A
S1752,ENG150,B
S1752,BIO110,B
S1752,MTH220,F
S1753,CSC101,D
S1753,BUS201,C
S1753,ENG150,C
S1753,BIO110,D
S1753,MTH220,C
S1754,CSC101,B
S1754,BUS201,A
S1754,ENG150,B
S1754,BIO110,A
S1754,MTH220,B
S1755,CSC101,C
S1755,BUS201,B
S1755,ENG150,B
S1755,BIO110,B
S1755,MTH220,D
S1756,CSC101,C
S1756,BUS201,F
S1756,ENG150,C
S1756,BIO110,F
S1756,MTH220,D
S1757,CSC101,A
S1757,BUS201,C
S1757,ENG150,F
S1757,BIO110,D
S1757,MTH220,D
S1758,CSC101,C
S1758,BUS201,C
S1758,ENG150,A
S1758,BIO110,B
S1758,MTH220,F
S1759,CSC101,A
S1759,BUS201,F
S1759,ENG150,F
S1759,BIO110,A
S1759,MTH220,F
S1760,CSC101,B
S1760,BUS201,F
S1760,ENG150,D
S1760,BIO110,D
S1760,MTH220,F
S1761,CSC101,C
S1761,BUS201,B
S1761,ENG150,C
S1761,BIO110,C
S1761,MTH220,D
S1762,CSC101,F
S1762,BUS201,A
S1762,ENG150,C
S1762,BIO110,F
S1762,MTH220,A
S1763,CSC101,A
S1763,BUS201,A
S1763,ENG150,D
S1763,BIO110,C
S1763,MTH220,A
S1764,CSC101,D
S1764,BUS201,B
S1764,ENG150,B
S1764,BIO110,A
S1764,MTH220,F
S1765,CSC101,F
S1765,BUS201,F
S1765,ENG150,F
S1765,BIO110,C
S1765,MTH220,F
S1766,CSC101,F
S1766,BUS201,D
S1766,ENG150,A
S1766,BIO110,B
S1766,MTH220,C
S1767,CSC101,D
S1767,BUS201,B
S1767,ENG150,B
S1767,BIO110,C
S1767,MTH220,B
S1768,CSC101,F
S1768,BUS201,F
S1768,ENG150,D
S1768,BIO110,C
S1768,MTH220,A
S1769,CSC101,C
S1769,BUS201,D
S1769,ENG150,B
S1769,BIO110,C
S1769,MTH220,A
S1770,CSC101,A
S1770,BUS201,B
S1770,ENG150,A
S1770,BIO110,F
S1770,MTH220,A
S1771,CSC101,A
S1771,BUS201,B
S1771,ENG150,D
S1771,BIO110,A
S1771,MTH220,A
S1772,CSC101,D
S1772,BUS201,F
S1772,ENG150,A
S1772,BIO110,F
S1772,MTH220,F
S1773,CSC101,F
S1773,BUS201,A
S1773,ENG150,A
S1773,BIO110,C
S1773,MTH220,B
S1774,CSC101,B
S1774,BUS201,A
S1774,ENG150,F
S1774,BIO110,D
S1774,MTH220,F
S1775,CSC101,D
S1775,BUS201,F
S1775,ENG150,D
S1775,BIO110,B
S1775,MTH220,B
S1776,CSC101,B
S1776,BUS201,F
S1776,ENG150,C
S1776,BIO110,B
S1776,MTH220,A
S1777,CSC101,F
S1777,BUS201,F
S1777,ENG150,C
S1777,BIO110,D
S1777,MTH220,F
S1778,CSC101,F
S1778,BUS201,A
S1778,ENG150,B
S1778,BIO110,B
S1778,MTH220,C
S1779,CSC101,F
S1779,BUS201,F
S1779,ENG150,F
S1779,BIO110,A
S1779,MTH220,D
S1780,CSC101,D
S1780,BUS201,D
S1780,ENG150,F
S1780,BIO110,B
S1780,MTH220,F
S1781,CSC101,C
S1781,BUS201,C
S1781,ENG150,A
S1781,BIO110,B
S1781,MTH220,A
S1782,CSC101,A
S1782,BUS201,B
S1782,ENG150,D
S1782,BIO110,B
S1782,MTH220,D
S1783,CSC101,D
S1783,BUS201,A
S1783,ENG150,A
S1783,BIO110,C
S1783,MTH220,C
S1784,CSC101,A
S1784,BUS201,A
S1784,ENG150,B
S1784,BIO110,B
S1784,MTH220,C
S1785,CSC101,F
S1785,BUS201,A
S1785,ENG150,F
S1785,BIO110,F
S1785,MTH220,C
S1786,CSC101,C
S1786,BUS201,A
S1786,ENG150,A
S1786,BIO110,A
S1786,MTH220,C
S1787,CSC101,A
S1787,BUS201,C
S1787,ENG150,C
S1787,BIO110,A
S1787,MTH220,B
S1788,CSC101,B
S1788,BUS201,F
S1788,ENG150,A
S1788,BIO110,D
S1788,MTH220,D
S1789,CSC101,B
S1789,BUS201,C
S1789,ENG150,C
S1789,BIO110,A
S1789,MTH220,A
S1790,CSC101,B
S1790,BUS201,A
S1790,ENG150,D
S1790,BIO110,A
S1790,MTH220,B
S1791,CSC101,A
S1791,BUS201,D
S1791,ENG150,B
S1791,BIO110,F
S1791,MTH220,C
S1792,CSC101,C
S1792,BUS201,C
S1792,ENG150,C
S1792,BIO110,C
S1792,MTH220,C
S1793,CSC101,A
S1793,BUS201,A
S1793,ENG150,D
S1793,BIO110,F
S1793,MTH220,C
S1794,CSC101,F
S1794,BUS201,A
S1794,ENG150,F
S1794,BIO110,A
S1794,MTH220,C
S1795,CSC101,D
S1795,BUS201,C
S1795,ENG150,C
S1795,BIO110,C
S1795,MTH220,F
S1796,CSC101,B
S1796,BUS201,B
S1796,ENG150,F
S1796,BIO110,B
S1796,MTH220,A
S1797,CSC101,F
S1797,BUS201,B
S1797,ENG150,B
S1797,BIO110,D
S1797,MTH220,A
S1798,CSC101,B
S1798,BUS201,C
S1798,ENG150,A
S1798,BIO110,D
S1798,MTH220,B
S1799,CSC101,B
S1799,BUS201,B
S1799,ENG150,F
S1799,BIO110,A
S1799,MTH220,A
S1800,CSC101,A
S1800,BUS201,B
S1800,ENG150,B
S1800,BIO110,F
S1800,MTH220,D
S1801,CSC101,F
S1801,BUS201,D
S1801,ENG150,D
S1801,BIO110,B
S1801,MTH220,F
S1802,CSC101,B
S1802,BUS201,B
S1802,ENG150,D
S1802,BIO110,D
S1802,MTH220,D
S1803,CSC101,F
S1803,BUS201,A
S1803,ENG150,C
S1803,BIO110,B
S1803,MTH220,B
S1804,CSC101,A
S1804,BUS201,B
S1804,ENG150,F
S1804,BIO110,A
S1804,MTH220,A
S1805,CSC101,D
S1805,BUS201,F
S1805,ENG150,C
S1805,BIO110,F
S1805,MTH220,D
S1806,CSC101,A
S1806,BUS201,F
S1806,ENG150,A
S1806,BIO110,D
S1806,MTH220,A
S1807,CSC101,D
S1807,BUS201,F
S1807,ENG150,A
S1807,BIO110,B
S1807,MTH220,A
S1808,CSC101,F
S1808,BUS201,F
S1808,ENG150,F
S1808,BIO110,D
S1808,MTH220,A
S1809,CSC101,F
S1809,BUS201,A
S1809,ENG150,C
S1809,BIO110,B
S1809,MTH220,D
S1810,CSC101,F
S1810,BUS201,A
S1810,ENG150,F
S1810,BIO110,A
S1810,MTH220,C
S1811,CSC101,A
S1811,BUS201,D
S1811,ENG150,B
S1811,BIO110,C
S1811,MTH220,C
S1812,CSC101,C
S1812,BUS201,F
S1812,ENG150,F
S1812,BIO110,A
S1812,MTH220,B
S1813,CSC101,A
S1813,BUS201,A
S1813,ENG150,C
S1813,BIO110,C
S1813,MTH220,A
S1814,CSC101,B
S1814,BUS201,F
S1814,ENG150,B
S1814,BIO110,B
S1814,MTH220,A
S1815,CSC101,D
S1815,BUS201,C
S1815,ENG150,F
S1815,BIO110,C
S1815,MTH220,B
S1816,CSC101,F
S1816,BUS201,D
S1816,ENG150,D
S1816,BIO110,B
S1816,MTH220,C
S1817,CSC101,C
S1817,BUS201,C
S1817,ENG150,A
S1817,BIO110,F
S1817,MTH220,B
S1818,CSC101,A
S1818,BUS201,C
S1818,ENG150,B
S1818,BIO110,D
S1818,MTH220,A
S1819,CSC101,C
S1819,BUS201,C
S1819,ENG150,C
S1819,BIO110,B
S1819,MTH220,F
S1820,CSC101,D
S1820,BUS201,F
S1820,ENG150,C
S1820,BIO110,F
S1820,MTH220,C
S1821,CSC101,F
S1821,BUS201,B
S1821,ENG150,C
S1821,BIO110,A
S1821,MTH220,C
S1822,CSC101,D
S1822,BUS201,B
S1822,ENG150,C
S1822,BIO110,C
S1822,MTH220,F
S1823,CSC101,D
S1823,BUS201,C
S1823,ENG150,D
S1823,BIO110,D
S1823,MTH220,B
S1824,CSC101,A
S1824,BUS201,A
S1824,ENG150,F
S1824,BIO110,D
S1824,MTH220,C
S1825,CSC101,A
S1825,BUS201,D
S1825,ENG150,F
S1825,BIO110,F
S1825,MTH220,A
S1826,CSC101,F
S1826,BUS201,F
S1826,ENG150,A
S1826,BIO110,D
S1826,MTH220,D
S1827,CSC101,B
S1827,BUS201,F
S1827,ENG150,D
S1827,BIO110,B
S1827,MTH220,C
S1828,CSC101,D
S1828,BUS201,A
S1828,ENG150,D
S1828,BIO110,B
S1828,MTH220,D
S1829,CSC101,B
S1829,BUS201,F
S1829,ENG150,A
S1829,BIO110,D
S1829,MTH220,D
S1830,CSC101,C
S1830,BUS201,B
S1830,ENG150,B
S1830,BIO110,F
S1830,MTH220,D
S1831,CSC101,F
S1831,BUS201,D
S1831,ENG150,D
S1831,BIO110,F
S1831,MTH220,F
S1832,CSC101,F
S1832,BUS201,A
S1832,ENG150,A
S1832,BIO110,D
S1832,MTH220,A
S1833,CSC101,C
S1833,BUS201,F
S1833,ENG150,A
S1833,BIO110,F
S1833,MTH220,D
S1834,CSC101,A
S1834,BUS201,A
S1834,ENG150,A
S1834,BIO110,F
S1834,MTH220,A
S1835,CSC101,C
S1835,BUS201,F
S1835,ENG150,D
S1835,BIO110,F
S1835,MTH220,D
S1836,CSC101,A
S1836,BUS201,B
S1836,ENG150,F
S1836,BIO110,F
S1836,MTH220,B
S1837,CSC101,A
S1837,BUS201,B
S1837,ENG150,D
S1837,BIO110,F
S1837,MTH220,C
S1838,CSC101,D
S1838,BUS201,A
S1838,ENG150,F
S1838,BIO110,B
S1838,MTH220,A
S1839,CSC101,A
S1839,BUS201,D
S1839,ENG150,A
S1839,BIO110,F
S1839,MTH220,A
S1840,CSC101,D
S1840,BUS201,B
S1840,ENG150,B
S1840,BIO110,F
S1840,MTH220,D
S1841,CSC101,C
S1841,BUS201,F
S1841,ENG150,F
S1841,BIO110,C
S1841,MTH220,B
S1842,CSC101,B
S1842,BUS201,B
S1842,ENG150,A
S1842,BIO110,B
S1842,MTH220,D
S1843,CSC101,F
S1843,BUS201,C
S1843,ENG150,F
S1843,BIO110,F
S1843,MTH220,A
S1844,CSC101,B
S1844,BUS201,F
S1844,ENG150,B
S1844,BIO110,B
S1844,MTH220,B
S1845,CSC101,D
S1845,BUS201,D
S1845,ENG150,F
S1845,BIO110,C
S1845,MTH220,C
S1846,CSC101,B
S1846,BUS201,B
S1846,ENG150,C
S1846,BIO110,C
S1846,MTH220,D
S1847,CSC101,B
S1847,BUS201,B
S1847,ENG150,B
S1847,BIO110,F
S1847,MTH220,F
S1848,CSC101,C
S1848,BUS201,F
S1848,ENG150,F
S1848,BIO110,C
S1848,MTH220,A
S1849,CSC101,F
S1849,BUS201,B
S1849,ENG150,C
S1849,BIO110,F
S1849,MTH220,D
S1850,CSC101,F
S1850,BUS201,A
S1850,ENG150,B
S1850,BIO110,A
S1850,MTH220,D
S1851,CSC101,A
S1851,BUS201,B
S1851,ENG150,D
S1851,BIO110,A
S1851,MTH220,A
S1852,CSC101,A
S1852,BUS201,F
S1852,ENG150,D
S1852,BIO110,C
S1852,MTH220,C
S1853,CSC101,B
S1853,BUS201,D
S1853,ENG150,D
S1853,BIO110,F
S1853,MTH220,F
S1854,CSC101,A
S1854,BUS201,F
S1854,ENG150,A
S1854,BIO110,C
S1854,MTH220,C
S1855,CSC101,F
S1855,BUS201,D
S1855,ENG150,C
S1855,BIO110,C
S1855,MTH220,B
S1856,CSC101,C
S1856,BUS201,D
S1856,ENG150,C
S1856,BIO110,A
S1856,MTH220,F
S1857,CSC101,A
S1857,BUS201,A
S1857,ENG150,C
S1857,BIO110,D
S1857,MTH220,F
S1858,CSC101,C
S1858,BUS201,F
S1858,ENG150,C
S1858,BIO110,C
S1858,MTH220,B
S1859,CSC101,D
S1859,BUS201,A
S1859,ENG150,A
S1859,BIO110,C
S1859,MTH220,A
S1860,CSC101,A
S1860,BUS201,A
S1860,ENG150,D
S1860,BIO110,B
S1860,MTH220,D
S1861,CSC101,C
S1861,BUS201,F
S1861,ENG150,A
S1861,BIO110,D
S1861,MTH220,C
S1862,CSC101,A
S1862,BUS201,F
S1862,ENG150,D
S1862,BIO110,D
S1862,MTH220,C
S1863,CSC101,A
S1863,BUS201,C
S1863,ENG150,C
S1863,BIO110,A
S1863,MTH220,D
S1864,CSC101,C
S1864,BUS201,A
S1864,ENG150,F
S1864,BIO110,A
S1864,MTH220,B
S1865,CSC101,B
S1865,BUS201,A
S1865,ENG150,D
S1865,BIO110,F
S1865,MTH220,B
S1866,CSC101,C
S1866,BUS201,C
S1866,ENG150,D
S1866,BIO110,B
S1866,MTH220,A
S1867,CSC101,F
S1867,BUS201,B
S1867,ENG150,A
S1867,BIO110,C
S1867,MTH220,F
S1868,CSC101,F
S1868,BUS201,C
S1868,ENG150,F
S1868,BIO110,C
S1868,MTH220,A
S1869,CSC101,D
S1869,BUS201,F
S1869,ENG150,A
S1869,BIO110,D
S1869,MTH220,D
S1870,CSC101,C
S1870,BUS201,C
S1870,ENG150,F
S1870,BIO110,D
S1870,MTH220,C
S1871,CSC101,D
S1871,BUS201,A
S1871,ENG150,F
S1871,BIO110,B
S1871,MTH220,C
S1872,CSC101,A
S1872,BUS201,A
S1872,ENG150,C
S1872,BIO110,F
S1872,MTH220,B
S1873,CSC101,B
S1873,BUS201,C
S1873,ENG150,C
S1873,BIO110,F
S1873,MTH220,C
S1874,CSC101,C
S1874,BUS201,F
S1874,ENG150,A
S1874,BIO110,D
S1874,MTH220,B
S1875,CSC101,B
S1875,BUS201,B
S1875,ENG150,B
S1875,BIO110,A
S1875,MTH220,F
S1876,CSC101,B
S1876,BUS201,D
S1876,ENG150,C
S1876,BIO110,B
S1876,MTH220,F
S1877,CSC101,A
S1877,BUS201,C
S1877,ENG150,F
S1877,BIO110,D
S1877,MTH220,B
S1878,CSC101,A
S1878,BUS201,B
S1878,ENG150,C
S1878,BIO110,F
S1878,MTH220,F
S1879,CSC101,D
S1879,BUS201,C
S1879,ENG150,D
S1879,BIO110,B
S1879,MTH220,D
S1880,CSC101,B
S1880,BUS201,A
S1880,ENG150,A
S1880,BIO110,B
S1880,MTH220,A
S1881,CSC101,C
S1881,BUS201,A
S1881,ENG150,A
S1881,BIO110,A
S1881,MTH220,B
S1882,CSC101,D
S1882,BUS201,B
S1882,ENG150,F
S1882,BIO110,C
S1882,MTH220,F
S1883,CSC101,F
S1883,BUS201,B
S1883,ENG150,B
S1883,BIO110,C
S1883,MTH220,F
S1884,CSC101,C
S1884,BUS201,B
S1884,ENG150,D
S1884,BIO110,A
S1884,MTH220,B
S1885,CSC101,B
S1885,BUS201,C
S1885,ENG150,F
S1885,BIO110,D
S1885,MTH220,B
S1886,CSC101,B
S1886,BUS201,C
S1886,ENG150,C
S1886,BIO110,D
S1886,MTH220,B
S1887,CSC101,D
S1887,BUS201,A
S1887,ENG150,D
S1887,BIO110,D
S1887,MTH220,A
S1888,CSC101,F
S1888,BUS201,D
S1888,ENG150,F
S1888,BIO110,F
S1888,MTH220,C
S1889,CSC101,D
S1889,BUS201,A
S1889,ENG150,F
S1889,BIO110,C
S1889,MTH220,A
S1890,CSC101,C
S1890,BUS201,D
S1890,ENG150,D
S1890,BIO110,C
S1890,MTH220,A
S1891,CSC101,F
S1891,BUS201,C
S1891,ENG150,C
S1891,BIO110,B
S1891,MTH220,C
S1892,CSC101,C
S1892,BUS201,B
S1892,ENG150,C
S1892,BIO110,D
S1892,MTH220,C
S1893,CSC101,B
S1893,BUS201,F
S1893,ENG150,B
S1893,BIO110,D
S1893,MTH220,D
S1894,CSC101,F
S1894,BUS201,F
S1894,ENG150,C
S1894,BIO110,F
S1894,MTH220,B
S1895,CSC101,D
S1895,BUS201,F
S1895,ENG150,D
S1895,BIO110,D
S1895,MTH220,A
S1896,CSC101,D
S1896,BUS201,D
S1896,ENG150,D
S1896,BIO110,F
S1896,MTH220,B
S1897,CSC101,B
S1897,BUS201,F
S1897,ENG150,B
S1897,BIO110,C
S1897,MTH220,C
S1898,CSC101,D
S1898,BUS201,B
S1898,ENG150,D
S1898,BIO110,C
S1898,MTH220,A
S1899,CSC101,D
S1899,BUS201,C
S1899,ENG150,F
S1899,BIO110,B
S1899,MTH220,C
S1900,CSC101,B
S1900,BUS201,D
S1900,ENG150,F
S1900,BIO110,D
S1900,MTH220,B
S1901,CSC101,D
S1901,BUS201,B
S1901,ENG150,A
S1901,BIO110,B
S1901,MTH220,D
S1902,CSC101,A
S1902,BUS201,D
S1902,ENG150,C
S1902,BIO110,C
S1902,MTH220,A
S1903,CSC101,A
S1903,BUS201,F
S1903,ENG150,F
S1903,BIO110,D
S1903,MTH220,D
S1904,CSC101,D
S1904,BUS201,A
S1904,ENG150,C
S1904,BIO110,A
S1904,MTH220,F
S1905,CSC101,C
S1905,BUS201,B
S1905,ENG150,F
S1905,BIO110,C
S1905,MTH220,A
S1906,CSC101,C
S1906,BUS201,F
S1906,ENG150,B
S1906,BIO110,B
S1906,MTH220,A
S1907,CSC101,A
S1907,BUS201,D
S1907,ENG150,F
S1907,BIO110,A
S1907,MTH220,C
S1908,CSC101,A
S1908,BUS201,F
S1908,ENG150,F
S1908,BIO110,A
S1908,MTH220,A
S1909,CSC101,F
S1909,BUS201,B
S1909,ENG150,B
S1909,BIO110,F
S1909,MTH220,D
S1910,CSC101,F
S1910,BUS201,A
S1910,ENG150,C
S1910,BIO110,F
S1910,MTH220,F
S1911,CSC101,B
S1911,BUS201,B
S1911,ENG150,F
S1911,BIO110,C
S1911,MTH220,B
S1912,CSC101,B
S1912,BUS201,D
S1912,ENG150,A
S1912,BIO110,F
S1912,MTH220,D
S1913,CSC101,D
S1913,BUS201,B
S1913,ENG150,F
S1913,BIO110,B
S1913,MTH220,F
S1914,CSC101,B
S1914,BUS201,D
S1914,ENG150,C
S1914,BIO110,B
S1914,MTH220,A
S1915,CSC101,D
S1915,BUS201,A
S1915,ENG150,C
S1915,BIO110,A
S1915,MTH220,A
S1916,CSC101,D
S1916,BUS201,B
S1916,ENG150,F
S1916,BIO110,C
S1916,MTH220,B
S1917,CSC101,C
S1917,BUS201,F
S1917,ENG150,C
S1917,BIO110,B
S1917,MTH220,C
S1918,CSC101,F
S1918,BUS201,B
S1918,ENG150,F
S1918,BIO110,C
S1918,MTH220,F
S1919,CSC101,F
S1919,BUS201,B
S1919,ENG150,C
S1919,BIO110,D
S1919,MTH220,A
S1920,CSC101,D
S1920,BUS201,F
S1920,ENG150,F
S1920,BIO110,C
S1920,MTH220,F
S1921,CSC101,D
S1921,BUS201,B
S1921,ENG150,D
S1921,BIO110,C
S1921,MTH220,A
S1922,CSC101,C
S1922,BUS201,F
S1922,ENG150,A
S1922,BIO110,C
S1922,MTH220,B
S1923,CSC101,B
S1923,BUS201,B
S1923,ENG150,B
S1923,BIO110,D
S1923,MTH220,C
S1924,CSC101,B
S1924,BUS201,F
S1924,ENG150,B
S1924,BIO110,F
S1924,MTH220,A
S1925,CSC101,D
S1925,BUS201,F
S1925,ENG150,A
S1925,BIO110,D
S1925,MTH220,B
S1926,CSC101,B
S1926,BUS201,A
S1926,ENG150,F
S1926,BIO110,B
S1926,MTH220,B
S1927,CSC101,A
S1927,BUS201,D
S1927,ENG150,C
S1927,BIO110,D
S1927,MTH220,C
S1928,CSC101,D
S1928,BUS201,D
S1928,ENG150,F
S1928,BIO110,A
S1928,MTH220,D
S1929,CSC101,D
S1929,BUS201,D
S1929,ENG150,A
S1929,BIO110,B
S1929,MTH220,F
S1930,CSC101,C
S1930,BUS201,C
S1930,ENG150,F
S1930,BIO110,F
S1930,MTH220,B
S1931,CSC101,F
S1931,BUS201,D
S1931,ENG150,A
S1931,BIO110,C
S1931,MTH220,F
S1932,CSC101,D
S1932,BUS201,A
S1932,ENG150,A
S1932,BIO110,F
S1932,MTH220,D
S1933,CSC101,C
S1933,BUS201,F
S1933,ENG150,D
S1933,BIO110,A
S1933,MTH220,D
S1934,CSC101,F
S1934,BUS201,D
S1934,ENG150,A
S1934,BIO110,A
S1934,MTH220,A
S1935,CSC101,C
S1935,BUS201,D
S1935,ENG150,B
S1935,BIO110,A
S1935,MTH220,D
S1936,CSC101,C
S1936,BUS201,B
S1936,ENG150,C
S1936,BIO110,C
S1936,MTH220,C
S1937,CSC101,D
S1937,BUS201,D
S1937,ENG150,A
S1937,BIO110,B
S1937,MTH220,D
S1938,CSC101,F
S1938,BUS201,C
S1938,ENG150,C
S1938,BIO110,F
S1938,MTH220,A
S1939,CSC101,D
S1939,BUS201,F
S1939,ENG150,A
S1939,BIO110,B
S1939,MTH220,F
S1940,CSC101,C
S1940,BUS201,B
S1940,ENG150,C
S1940,BIO110,F
S1940,MTH220,C
S1941,CSC101,A
S1941,BUS201,B
S1941,ENG150,B
S1941,BIO110,B
S1941,MTH220,B
S1942,CSC101,D
S1942,BUS201,F
S1942,ENG150,F
S1942,BIO110,C
S1942,MTH220,F
S1943,CSC101,B
S1943,BUS201,C
S1943,ENG150,A
S1943,BIO110,D
S1943,MTH220,B
S1944,CSC101,A
S1944,BUS201,B
S1944,ENG150,B
S1944,BIO110,C
S1944,MTH220,D
S1945,CSC101,B
S1945,BUS201,A
S1945,ENG150,B
S1945,BIO110,C
S1945,MTH220,D
S1946,CSC101,C
S1946,BUS201,F
S1946,ENG150,A
S1946,BIO110,F
S1946,MTH220,F
S1947,CSC101,C
S1947,BUS201,C
S1947,ENG150,F
S1947,BIO110,F
S1947,MTH220,F
S1948,CSC101,D
S1948,BUS201,B
S1948,ENG150,A
S1948,BIO110,A
S1948,MTH220,F
S1949,CSC101,B
S1949,BUS201,A
S1949,ENG150,B
S1949,BIO110,F
S1949,MTH220,F
S1950,CSC101,A
S1950,BUS201,B
S1950,ENG150,D
S1950,BIO110,B
S1950,MTH220,D
S1951,CSC101,A
S1951,BUS201,A
S1951,ENG150,A
S1951,BIO110,B
S1951,MTH220,F
S1952,CSC101,A
S1952,BUS201,C
S1952,ENG150,A
S1952,BIO110,F
S1952,MTH220,D
S1953,CSC101,D
S1953,BUS201,C
S1953,ENG150,B
S1953,BIO110,A
S1953,MTH220,F
S1954,CSC101,D
S1954,BUS201,F
S1954,ENG150,A
S1954,BIO110,A
S1954,MTH220,B
S1955,CSC101,F
S1955,BUS201,B
S1955,ENG150,F
S1955,BIO110,D
S1955,MTH220,D
S1956,CSC101,F
S1956,BUS201,C
S1956,ENG150,A
S1956,BIO110,C
S1956,MTH220,B
S1957,CSC101,C
S1957,BUS201,A
S1957,ENG150,A
S1957,BIO110,D
S1957,MTH220,F
S1958,CSC101,A
S1958,BUS201,F
S1958,ENG150,F
S1958,BIO110,A
S1958,MTH220,D
S1959,CSC101,C
S1959,BUS201,D
S1959,ENG150,A
S1959,BIO110,C
S1959,MTH220,F
S1960,CSC101,F
S1960,BUS201,C
S1960,ENG150,C
S1960,BIO110,F
S1960,MTH220,C
S1961,CSC101,F
S1961,BUS201,B
S1961,ENG150,F
S1961,BIO110,C
S1961,MTH220,C
S1962,CSC101,C
S1962,BUS201,B
S1962,ENG150,C
S1962,BIO110,A
S1962,MTH220,C
S1963,CSC101,C
S1963,BUS201,B
S1963,ENG150,D
S1963,BIO110,B
S1963,MTH220,D
S1964,CSC101,A
S1964,BUS201,C
S1964,ENG150,D
S1964,BIO110,B
S1964,MTH220,F
S1965,CSC101,B
S1965,BUS201,B
S1965,ENG150,F
S1965,BIO110,C
S1965,MTH220,B
S1966,CSC101,F
S1966,BUS201,C
S1966,ENG150,A
S1966,BIO110,F
S1966,MTH220,C
S1967,CSC101,C
S1967,BUS201,F
S1967,ENG150,B
S1967,BIO110,C
S1967,MTH220,F
S1968,CSC101,F
S1968,BUS201,F
S1968,ENG150,D
S1968,BIO110,C
S1968,MTH220,A
S1969,CSC101,C
S1969,BUS201,F
S1969,ENG150,C
S1969,BIO110,B
S1969,MTH220,B
S1970,CSC101,A
S1970,BUS201,F
S1970,ENG150,B
S1970,BIO110,B
S1970,MTH220,C
S1971,CSC101,A
S1971,BUS201,F
S1971,ENG150,D
S1971,BIO110,C
S1971,MTH220,B
S1972,CSC101,C
S1972,BUS201,B
S1972,ENG150,C
S1972,BIO110,A
S1972,MTH220,B
S1973,CSC101,F
S1973,BUS201,F
S1973,ENG150,A
S1973,BIO110,F
S1973,MTH220,A
S1974,CSC101,B
S1974,BUS201,D
S1974,ENG150,D
S1974,BIO110,B
S1974,MTH220,A
S1975,CSC101,F
S1975,BUS201,A
S1975,ENG150,F
S1975,BIO110,F
S1975,MTH220,B
S1976,CSC101,F
S1976,BUS201,B
S1976,ENG150,C
S1976,BIO110,F
S1976,MTH220,C
S1977,CSC101,F
S1977,BUS201,B
S1977,ENG150,B
S1977,BIO110,D
S1977,MTH220,B
S1978,CSC101,B
S1978,BUS201,F
S1978,ENG150,F
S1978,BIO110,A
S1978,MTH220,C
S1979,CSC101,F
S1979,BUS201,B
S1979,ENG150,C
S1979,BIO110,C
S1979,MTH220,A
S1980,CSC101,C
S1980,BUS201,B
S1980,ENG150,B
S1980,BIO110,D
S1980,MTH220,D
S1981,CSC101,F
S1981,BUS201,F
S1981,ENG150,F
S1981,BIO110,B
S1981,MTH220,C
S1982,CSC101,D
S1982,BUS201,F
S1982,ENG150,B
S1982,BIO110,A
S1982,MTH220,D
S1983,CSC101,D
S1983,BUS201,F
S1983,ENG150,D
S1983,BIO110,B
S1983,MTH220,D
S1984,CSC101,F
S1984,BUS201,B
S1984,ENG150,A
S1984,BIO110,B
S1984,MTH220,D
S1985,CSC101,C
S1985,BUS201,A
S1985,ENG150,C
S1985,BIO110,B
S1985,MTH220,C
S1986,CSC101,C
S1986,BUS201,F
S1986,ENG150,A
S1986,BIO110,F
S1986,MTH220,F
S1987,CSC101,B
S1987,BUS201,A
S1987,ENG150,C
S1987,BIO110,D
S1987,MTH220,F
S1988,CSC101,D
S1988,BUS201,B
S1988,ENG150,F
S1988,BIO110,C
S1988,MTH220,C
S1989,CSC101,F
S1989,BUS201,C
S1989,ENG150,A
S1989,BIO110,C
S1989,MTH220,C
S1990,CSC101,B
S1990,BUS201,A
S1990,ENG150,B
S1990,BIO110,A
S1990,MTH220,D
S1991,CSC101,C
S1991,BUS201,A
S1991,ENG150,A
S1991,BIO110,B
S1991,MTH220,C
S1992,CSC101,A
S1992,BUS201,A
S1992,ENG150,C
S1992,BIO110,F
S1992,MTH220,B
S1993,CSC101,B
S1993,BUS201,B
S1993,ENG150,A
S1993,BIO110,F
S1993,MTH220,C
S1994,CSC101,C
S1994,BUS201,F
S1994,ENG150,D
S1994,BIO110,F
S1994,MTH220,C
S1995,CSC101,C
S1995,BUS201,B
S1995,ENG150,D
S1995,BIO110,F
S1995,MTH220,B
S1996,CSC101,D
S1996,BUS201,C
S1996,ENG150,B
S1996,BIO110,B
S1996,MTH220,A
S1997,CSC101,D
S1997,BUS201,C
S1997,ENG150,A
S1997,BIO110,F
S1997,MTH220,F
S1998,CSC101,D
S1998,BUS201,C
S1998,ENG150,B
S1998,BIO110,B
S1998,MTH220,C
S1999,CSC101,D
S1999,BUS201,B
S1999,ENG150,A
S1999,BIO110,B
S1999,MTH220,B
